id_aeroporto_icao,nome_aeroporto
SKBO,EL DORADO INTERNATIONAL AIRPORT - BOGOTÁ - COLÔMBIA
SBEG,EDUARDO GOMES - MANAUS - AM - BRASIL
SYCJ,CHEDDI JAGAN INTERNATIONAL AIRPORT - GEORGETOWN - GUIANA
SBGL,AEROPORTO INTERNACIONAL DO RIO DE JANEIRO (GALEÃO) - ANTONIO CARLOS JOBIM - RIO DE JANEIRO - RJ - BRASIL
KMIA,"MIAMI INTERNATIONAL AIRPORT - MIAMI, FLORIDA - ESTADOS UNIDOS DA AMÉRICA"
SBGR,GUARULHOS - GOVERNADOR ANDRÉ FRANCO MONTORO - GUARULHOS - SP - BRASIL
KDFW,"DALLAS-FORT WORTH INTERNATIONAL AIRPORT - DALLAS & FORT WORTH, TEXAS - ESTADOS UNIDOS DA AMÉRICA"
KJFK,"JOHN F. KENNEDY INTERNATIONAL AIRPORT - NEW YORK, NEW YORK - ESTADOS UNIDOS DA AMÉRICA"
KFLL,"FORT LAUDERDALE-HOLLYWOOD INTERNATIONAL AIRPORT - FORT LAUDERDALE/HOLLYWOOD, FLORIDA - ESTADOS UNIDOS DA AMÉRICA"
SBSV,DEPUTADO LUÍS EDUARDO MAGALHÃES - SALVADOR - BA - BRASIL
SNCL,LORENZO - CAIRU - BA - BRASIL
SDLO,AEROPORTO FÁBIO PERINI - CAIRU - BA - BRASIL
CYYZ,TORONTO PEARSON INTERNATIONAL AIRPORT - TORONTO - CANADÁ
CYUL,"MONTRÉAL-PIERRE ELLIOTT TRUDEAU INTERNATIONAL AIRPORT - MONTREAL, QUEBEC - CANADÁ"
SAEZ,"MINISTRO PISTARINI INTERNATIONAL AIRPORT (EZEIZA INTERNATIONAL AIRPORT) - EZEIZA, BUENOS AIRES PROVINCE - ARGENTINA"
SBCF,TANCREDO NEVES - CONFINS - MG - BRASIL
SNDV,BRIGADEIRO CABRAL - DIVINÓPOLIS - MG - BRASIL
SBKP,VIRACOPOS - CAMPINAS - SP - BRASIL
SBJR,JACAREPAGUÁ - RIO DE JANEIRO - RJ - BRASIL
SNBA,CHAFEI AMSEI (SBBT*) - BARRETOS - SP - BRASIL
SIMK,TENENTE LUND PRESETTO - FRANCA - SP - BRASIL
SNJM,AEROPORTO ELIAS BREDER - MANHUAÇU - MG - BRASIL
SNZR,PARACATU - PARACATU - MG - BRASIL
SBMY,MANICORÉ - MANICORÉ - AM - BRASIL
SBTU,TUCURUÍ - TUCURUÍ - PA - BRASIL
SBBE,INTERNACIONAL DE BELÉM/VAL DE CANS/JÚLIO CEZAR RIBEIRO - BELÉM - PA - BRASIL
SNEB,AERODROMO DE PARAGOMINAS - PARAGOMINAS - PA - BRASIL
SNHS,SANTA MAGALHÃES - SERRA TALHADA - PE - BRASIL
SNAB,ARARIPINA - ARARIPINA - PE - BRASIL
SBRF,GUARARAPES - GILBERTO FREYRE - RECIFE - PE - BRASIL
SBCT,AFONSO PENA - SÃO JOSÉ DOS PINHAIS - PR - BRASIL
SSGY,GUAÍRA - GUAÍRA - PR - BRASIL
SSUV,JOSÉ CLETO - UNIÃO DA VITÓRIA - PR - BRASIL
SNRU,OSCAR LARANJEIRAS - CARUARU - PE - BRASIL
SNGN,GARANHUNS - GARANHUNS - PE - BRASIL
SBCJ,CARAJÁS - PARAUAPEBAS - PA - BRASIL
SDOW,OURILÂNDIA DO NORTE - OURILÂNDIA DO NORTE - PA - BRASIL
SBCY,MARECHAL RONDON - VÁRZEA GRANDE - MT - BRASIL
SSOU,ARIPUANÃ - ARIPUANÃ - MT - BRASIL
SBAX,ROMEU ZEMA - ARAXÁ - MG - BRASIL
SNLN,AERÓDROMO MUNICIPAL DE LINHARES - LINHARES - ES - BRASIL
SBAQ,BARTOLOMEU DE GUSMÃO - ARARAQUARA - SP - BRASIL
SNTO,JUSCELINO KUBITSCHECK - TEÓFILO OTONI - MG - BRASIL
SBVG,MAJOR BRIGADEIRO TROMPOWSKY - VARGINHA - MG - BRASIL
SWBC,BARCELOS - BARCELOS - AM - BRASIL
SNSM,SALINÓPOLIS - SALINÓPOLIS - PA - BRASIL
SBBW,BARRA DO GARÇAS - BARRA DO GARÇAS - MT - BRASIL
SJZA,PEDRO VIEIRA MOREIRA - CAJAZEIRAS - PB - BRASIL
SNTS,PEREGRINO FILHO - PATOS - PB - BRASIL
SSUM,ORLANDO DE CARVALHO - UMUARAMA - PR - BRASIL
SSVL,TELÊMACO BORBA (SBTL*) - TELÊMACO BORBA - PR - BRASIL
SSBZ,UMBERTO MODIANO - ARMAÇÃO DOS BÚZIOS - RJ - BRASIL
SNSS,SALINAS - SALINAS - MG - BRASIL
SNPD,PATOS DE MINAS - PATOS DE MINAS - MG - BRASIL
SWLB,LÁBREA - LÁBREA - AM - BRASIL
SBPV,GOVERNADOR JORGE TEIXEIRA DE OLIVEIRA - PORTO VELHO - RO - BRASIL
SNVS,BREVES - BREVES - PA - BRASIL
SBSR,PROFESSOR ERIBERTO MANOEL REINO - SÃO JOSÉ DO RIO PRETO - SP - BRASIL
SWMW,MAUÉS - MAUÉS - AM - BRASIL
SWBR,BORBA - BORBA - AM - BRASIL
SBMD,MONTE DOURADO - ALMEIRIM - PA - BRASIL
SNMZ,PORTO DE MOZ - PORTO DE MOZ - PA - BRASIL
SBJD,AEROPORTO ESTADUAL DE JUNDIAÍ - JUNDIAÍ - SP - BRASIL
SBSJ,PROFESSOR URBANO ERNESTO STUMPF - SÃO JOSÉ DOS CAMPOS - SP - BRASIL
SBGP,EMBRAER-UNIDADE GAVIAO PEIXOTO - GAVIÃO PEIXOTO - SP - BRASIL
SBUL,TEN CEL AVIADOR CÉSAR BOMBONATO - UBERLÂNDIA - MG - BRASIL
SBJU,ORLANDO BEZERRA DE MENEZES - JUAZEIRO DO NORTE - CE - BRASIL
SBLE,HORÁCIO DE MATTOS - LENÇÓIS - BA - BRASIL
SBBR,PRESIDENTE JUSCELINO KUBITSCHEK - BRASÍLIA - DF - BRASIL
SBMG,SÍLVIO NAME JÚNIOR - MARINGÁ - PR - BRASIL
SBRP,LEITE LOPES - RIBEIRÃO PRETO - SP - BRASIL
SBMK,MÁRIO RIBEIRO - MONTES CLAROS - MG - BRASIL
SBKG,PRESIDENTE JOÃO SUASSUNA - CAMPINA GRANDE - PB - BRASIL
SBMA,JOÃO CORREA DA ROCHA - MARABÁ - PA - BRASIL
SDCD,CATANDUVA - CATANDUVA - SP - BRASIL
SBBH,PAMPULHA - CARLOS DRUMMOND DE ANDRADE - BELO HORIZONTE - MG - BRASIL
LEMD,ADOLFO SUÁREZ MADRID-BARAJAS AIRPORT - MADRID - ESPANHA
SSBV,BELA VISTA - BELA VISTA - MS - BRASIL
LFPG,PARIS-CHARLES DE GAULLE AIRPORT (ROISSY AIRPORT) - PARIS - FRANÇA
SBFZ,PINTO MARTINS - FORTALEZA - CE - BRASIL
SOCA,CAYENNE-ROCHAMBEAU AIRPORT - CAYENNE - GUIANA FRANCESA
MMMX,BENITO JUAREZ INTL - MEXICO - MÉXICO
SACO,"INGENIERO AMBROSIO L.V. TARAVELLA INTERNATIONAL AIRPORT - CÓRDOBA, CÓRDOBA PROVINCE - ARGENTINA"
SBFL,HERCÍLIO LUZ - FLORIANÓPOLIS - SC - BRASIL
SBCB,CABO FRIO - CABO FRIO - RJ - BRASIL
SBPS,PORTO SEGURO - PORTO SEGURO - BA - BRASIL
SABE,JORGE NEWBERY AIRPORT - BUENOS AIRES - ARGENTINA
SAAR,"ROSARIO - ISLAS MALVINAS INTERNATIONAL AIRPORT - ROSARIO, SANTA FE PROVINCE - ARGENTINA"
SBPA,SALGADO FILHO - PORTO ALEGRE - RS - BRASIL
SANT,"TTE. GRAL. BENJAMÍN MATIENZO INTERNATIONAL AIRPORT - TUCUMÁN, TUCUMÁN PROVINCE - ARGENTINA"
SASA,"MARTÍN MIGUEL DE GÜEMES INTERNATIONAL AIRPORT (EL AYBAL AIRPORT) - SALTA, SALTA PROVINCE - ARGENTINA"
SULS,"C/C CARLOS A. CURBELO DE LAGUNA DEL SAUCE INTERNATIONAL AIRPORT - MALDONADO/PUNTA DEL ESTE, MALDONADO - URUGUAI"
SCEL,COMODORO ARTURO MERINO BENÍTEZ INTERNATIONAL AIRPORT - SANTIAGO - CHILE
SPJC,"JORGE CHÁVEZ INTERNATIONAL AIRPORT - CALLAO/LIMA, LIMA METROPOLITAN AREA - PERU"
SKPE,MATECAÑA INTERNATIONAL AIRPORT - PEREIRA - COLÔMBIA
SGAS,SILVIO PETTIROSSI INTERNATIONAL AIRPORT - ASUNCIÓN - PARAGUAI
SBCA,ADALBERTO MENDES DA SILVA - CASCAVEL - PR - BRASIL
SBSG,GOVERNADOR ALUIZIO ALVES - SÃO GONÇALO DO AMARANTE - RN - BRASIL
SBMO,ZUMBI DOS PALMARES - RIO LARGO - AL - BRASIL
SBJE,JERICOACORA - CRUZ - CE - BRASIL
SBJP,PRESIDENTE CASTRO PINTO - SANTA RITA - PB - BRASIL
SBGO,SANTA GENOVEVA/GOIÂNIA - GOIÂNIA - GO - BRASIL
SBIL,BAHIA - JORGE AMADO - ILHÉUS - BA - BRASIL
SBFN,FERNANDO DE NORONHA - FERNANDO DE NORONHA - PE - BRASIL
SBDB,BONITO - BONITO - MS - BRASIL
SBFI,CATARATAS - FOZ DO IGUAÇU - PR - BRASIL
SBSP,CONGONHAS - SÃO PAULO - SP - BRASIL
SBSL,MARECHAL CUNHA MACHADO - SÃO LUÍS - MA - BRASIL
SBRJ,SANTOS DUMONT - RIO DE JANEIRO - RJ - BRASIL
SBVT,EURICO DE AGUIAR SALLES - VITÓRIA - ES - BRASIL
SBMQ,ALBERTO ALCOLUMBRE - MACAPÁ - AP - BRASIL
SBJV,LAURO CARNEIRO DE LOYOLA - JOINVILLE - SC - BRASIL
SBCG,CAMPO GRANDE - CAMPO GRANDE - MS - BRASIL
SBAR,SANTA MARIA - ARACAJU - SE - BRASIL
SBNF,MINISTRO VICTOR KONDER - NAVEGANTES - SC - BRASIL
SBPJ,BRIGADEIRO LYSIAS RODRIGUES - PALMAS - TO - BRASIL
SBSN,MAESTRO WILSON FONSECA - SANTARÉM - PA - BRASIL
SBBV,ATLAS BRASIL CANTANHEDE - BOA VISTA - RR - BRASIL
SBIP,USIMINAS - SANTANA DO PARAÍSO - MG - BRASIL
SBAU,ESTADUAL DARIO GUARITA - ARAÇATUBA - SP - BRASIL
SBTE,SENADOR PETRÔNIO PORTELLA - TERESINA - PI - BRASIL
SBCH,SERAFIN ENOSS BERTASO - CHAPECÓ - SC - BRASIL
SBPL,SENADOR NILO COELHO - PETROLINA - PE - BRASIL
SBLO,GOVERNADOR JOSÉ RICHA - LONDRINA - PR - BRASIL
SBSI,PRESIDENTE JOÃO BATISTA FIGUEIREDO - SINOP - MT - BRASIL
SBHT,ALTAMIRA - ALTAMIRA - PA - BRASIL
SBDN,PRESIDENTE PRUDENTE - PRESIDENTE PRUDENTE - SP - BRASIL
SBAE,AEROPORTO ESTADUAL DE BAURU-AREALVA / MOUSSA NAKHL TOBIAS - AREALVA - SP - BRASIL
SBML,FRANK MILOYE MILENKOVICH - MARÍLIA - SP - BRASIL
SBGV,CORONEL ALTINO MACHADO - GOVERNADOR VALADARES - MG - BRASIL
SNBR,BARREIRAS - BARREIRAS - BA - BRASIL
SBUR,MÁRIO DE ALMEIDA FRANCO - UBERABA - MG - BRASIL
LPPR,PORTO - PORTO - PORTUGAL
KMCO,"ORLANDO INTERNATIONAL AIRPORT - ORLANDO, FLORIDA - ESTADOS UNIDOS DA AMÉRICA"
LPPT,LISBOA - LISBOA - PORTUGAL
SBUY,URUCU - COARI - AM - BRASIL
SBOI,OIAPOQUE - OIAPOQUE - AP - BRASIL
SBZM,REGIONAL DA ZONA DA MATA - GOIANÁ - MG - BRASIL
SBNM,SANTO ÂNGELO - SANTO ÂNGELO - RS - BRASIL
SBUG,RUBEM BERTA - URUGUAIANA - RS - BRASIL
SBSO,REGIONAL DE SORRISO ADOLINO BEDIN - SORRISO - MT - BRASIL
SBVC,GLAUBER DE ANDRADE ROCHA - VITÓRIA DA CONQUISTA - BA - BRASIL
SNGI,GUANAMBI - GUANAMBI - BA - BRASIL
SBTF,TEFÉ - TEFÉ - AM - BRASIL
SBTT,TABATINGA - TABATINGA - AM - BRASIL
SWPI,JÚLIO BÉLEM - PARINTINS - AM - BRASIL
SBIZ,PREFEITO RENATO MOREIRA - IMPERATRIZ - MA - BRASIL
SBRD,RONDONÓPOLIS - RONDONÓPOLIS - MT - BRASIL
SBTB,TROMBETAS - ORIXIMINÁ - PA - BRASIL
SBPO,JUVENAL LOUREIRO CARDOSO - PATO BRANCO - PR - BRASIL
SBVH,BRIGADEIRO CAMARÃO - VILHENA - RO - BRASIL
SBPF,LAURO KURTZ - PASSO FUNDO - RS - BRASIL
SBPP,PONTA PORÃ - PONTA PORÃ - MS - BRASIL
SBCX,REGIONAL HUGO CANTERGIANI - CAXIAS DO SUL - RS - BRASIL
SBPK,PELOTAS - PELOTAS - RS - BRASIL
SBSM,SANTA MARIA - SANTA MARIA - RS - BRASIL
SBIH,ITAITUBA - ITAITUBA - PA - BRASIL
SBRB,PLÁCIDO DE CASTRO - RIO BRANCO - AC - BRASIL
SBJI,JI-PARANÁ - JI-PARANÁ - RO - BRASIL
SBUA,SÃO GABRIEL DA CACHOEIRA - SÃO GABRIEL DA CACHOEIRA - AM - BRASIL
TNCC,HATO INTERNATIONAL AIRPORT - WILLEMSTAD - CURAÇAO
SBTC,HOTEL TRANSAMÉRICA(AERODROMO PRIVADO) - UNA - BA - BRASIL
SBAT,PILOTO OSVALDO MARQUES DIAS - ALTA FLORESTA - MT - BRASIL
SSKW,CACOAL - CACOAL - RO - BRASIL
SUMU,"CARRASCO GRAL. CESÁREO L. BERISSO INTERNATIONAL AIRPORT - MONTEVIDEO, MONTEVIDEO - URUGUAI"
EGLL,"LONDON HEATHROW AIRPORT - LONDON, ENGLAND - REINO UNIDO"
SLVR,VIRU VIRU INTERNATIONAL AIRPORT - SANTA CRUZ - BOLÍVIA
ZBAA,BEIJING CAPITAL INTERNATIONAL AIRPORT - BEIJING - CHINA
ELLX,LUXEMBOURG FINDEL AIRPORT - LUXEMBOURG CITY - LUXEMBURGO
SEQM,MARISCAL SUCRE INTERNATIONAL AIRPORT - QUITO - EQUADOR
EHAM,"AMSTERDAM AIRPORT SCHIPHOL - HAARLEMMERMEER, NEAR AMSTERDAM - HOLANDA"
EHBK,MAASTRICHT AACHEN AIRPORT - BEEK - HOLANDA
MPTO,TOCUMEN INTL - PANAMA - PANAMÁ
SWYN,PRAINHA - APUÍ - AM - BRASIL
GVAC,AEROPORTO INTERNACIONAL AMÍLCAR CABRAL - ILHA DO SAL - CABO VERDE
KATL,HARTSFIELD JACKSON ATLANTA INTERNATIONAL AIRPORT - ATLANTA - ESTADOS UNIDOS DA AMÉRICA
EDDF,FRANKFURT INTERNATIONAL AIRPORT - FRANKFURT AM MAIN - ALEMANHA
EDDM,MUNICH INTERNATIONAL AIRPORT (FRANZ JOSEF STRAUß INTERNATIONAL AIRPORT) - MUNICH - ALEMANHA
FNBJ,AEROPORTO INTERNACIONAL DR. ANTÓNIO AGOSTINHO NETO - LUANDA -   - ANGOLA
MDPC,PUNTA CANA - PUNTA CANA - REPÚBLICA DOMINICANA
MDSD,SAO DOMINGO/DE LAS AMÉRICAS - SAO DOMINGO/DE LAS AMÉRICAS - REPÚBLICA DOMINICANA
HAAB,BOLE INTERNATIONAL AIRPORT - ADDIS ABABA - ETIÓPIA
DNMM,"MURTALA MOHAMMED INTERNATIONAL AIRPORT - IKEJA,  LAGOS STATE - NIGÉRIA"
EBLG,LIEGE AIRPORT - LIÈGE - BÉLGICA
KMEM,"MEMPHIS INTERNATIONAL AIRPORT - MEMPHIS, TENNESSEE - ESTADOS UNIDOS DA AMÉRICA"
TJBQ,RAFAEL HERNÁNDEZ AIRPORT - AQUADILLA BORINQUEN - PORTO RICO
TJSJ,LUIS MUÑOZ MARÍN INTERNATIONAL AIRPORT - SAN JUAN - PORTO RICO
NTAA,TAHITI - TAHITI - POLINÉSIA FRANCESA
SBCN,NELSON RODRIGUES GUIMARÃES - CALDAS NOVAS - GO - BRASIL
SNCP,AEROPORTO REGIONAL DO PLANALTO SERRANO - CORREIA PINTO - SC - BRASIL
SWGN,ARAGUAÍNA - ARAGUAÍNA - TO - BRASIL
SAME,"GOVERNOR FRANCISCO GABRIELLI INTERNATIONAL AIRPORT (EL PLUMERILLO INT´L) - MENDOZA, MENDOZA PROVINCE - ARGENTINA"
TNCA,"QUEEN BEATRIX INTERNATIONAL AIRPORT - ORANJESTAD, ARUBA - ARUBA"
MMUN,CANCUN/INTL  - CANCUN/INTL - MÉXICO
SBCZ,CRUZEIRO DO SUL - CRUZEIRO DO SUL - AC - BRASIL
SMJP,JOHAN ADOLF PENGEL INTERNATIONAL AIRPORT (ZANDERIJ INT´L) - ZANDERIJ - SURINAME
TFFF,"MARTINIQUE AIMÉ CÉSAIRE INTERNATIONAL AIRPORT - LE LAMENTIN, FORT-DE-FRANCE - MARTINICA"
TLPL,"HEWANORRA INTERNATIONAL AIRPORT - VIEUX-FORT, SAINT LUCIA - SANTA LÚCIA"
LEBL,BARCELONA-EL PRAT AIRPORT - BARCELONA - ESPANHA
LIRF,LEONARDO DA VINCI INTERNATIONAL AIRPORT (FIUMICINO INTERNATIONAL AIRPORT) - ROME - ITÁLIA
KLAX,"LOS ANGELES INTERNATIONAL AIRPORT - LOS ANGELES, CALIFORNIA - ESTADOS UNIDOS DA AMÉRICA"
RKSI,INCHEON INTERNATIONAL AIRPORT - INCHEON (NEAR SEOUL) - COREIA DO SUL
PANC,"TED STEVENS ANCHORAGE INTERNATIONAL AIRPORT - ANCHORAGE, ALASKA - ESTADOS UNIDOS DA AMÉRICA"
SVVA,"ARTURO MICHELENA INTERNATIONAL AIRPORT - VALENCIA, CARABOBO - VENEZUELA"
KSEA,"SEATTLE-TACOMA INTERNATIONAL AIRPORT - SEATTLE, WASHINGTON - ESTADOS UNIDOS DA AMÉRICA"
MSLP,SAN SALVADOR - SAN SALVADOR - EL SALVADOR
SGES,GUARANÍ INTERNATIONAL AIRPORT - CIUDAD DEL ESTE - PARAGUAI
SKBQ,ERNESTO CORTISSOZ INTERNATIONAL AIRPORT - BARRANQUILLA - COLÔMBIA
SDSC,MÁRIO PEREIRA LOPES - SÃO CARLOS - SP - BRASIL
LMML,MALTA INTERNATIONAL AIRPORT (LUQA AIRPORT) - LUQA - MALTA
EBBR,BRUSSELS AIRPORT - BRUSSELS/ZAVENTEM - BÉLGICA
LEZG,ZARAGOZA AIRPORT - ZARAGOZA - ESPANHA
SPQU,"RODRÍGUEZ BALLÓN INTERNATIONAL AIRPORT - AREQUIPA, AREQUIPA REGION - PERU"
SVMI,"SIMÓN BOLÍVAR INTERNATIONAL AIRPORT (MAIQUETIA INTERNATIONAL AIRPORT) - MAIQUETÍA, VARGAS (NEAR CARACAS) - VENEZUELA"
SKRG,JOSÉ MARÍA CÓRDOVA INTERNATIONAL AIRPORT - MEDELLÍN/RIONEGRO - COLÔMBIA
MMSM,"SANTA LUCÍA AIR FORCE BASE NUM 1 - ZUMPANGO, STATE OF MEXICO - MÉXICO"
KLCK,"RICKENBACKER INTERNATIONAL AIRPORT - COLUMBUS, OHIO - ESTADOS UNIDOS DA AMÉRICA"
SDCO,SOROCABA - SOROCABA - SP - BRASIL
OTHH,HAMAD INTERNATIONAL AIRPORT - DOHA - QATAR
GMMN,AEROPORTO INTERNACIONAL MOHAMMED V - CASABLANCA - MARROCOS
SPSO,"CAPITÁN FAP RENÁN ELÍAS OLIVERA AIRPORT - PISCO, ICA REGION - PERU"
FAOR,OR TAMBO INTERNATIONAL AIRPORT - JOHANNESBURG - ÁFRICA DO SUL
FACT,CAPE TOWN INTERNATIONAL AIRPORT - CAPE TOWN - ÁFRICA DO SUL
LSZH,ZÜRICH AIRPORT (KLOTEN AIRPORT) - ZÜRICH/KLOTEN - SUÍÇA
SBJA,REGIONAL SUL - JAGUARUNA - SC - BRASIL
SBDO,DOURADOS - DOURADOS - MS - BRASIL
SBPB,AEROPORTO INTERNACIONAL DE PARNAÍBA / PREFEITO DOUTOR JOÃO SILVA FILHO - PARNAÍBA - PI - BRASIL
LIMC,MALPENSA INTERNATIONAL AIRPORT - MILAN - ITÁLIA
KBOS,"LOGAN INTERNATIONAL AIRPORT - BOSTON, MASSACHUSETTS - ESTADOS UNIDOS DA AMÉRICA"
LPFR,FARO / MADEIRA AND ACORES   - FARO / MADEIRA AND ACORES - PORTUGAL
LTFM,ISTANBUL AIRPORT - ISTANBUL - TURQUIA
GOBD,BLAISE DIAGNE INTERNATIONAL AIRPORT - DAKAR - SENEGAL
OMDB,DUBAI - DUBAI INTERNATIONAL - EMIRADOS ÁRABES UNIDOS
OMDW,AL MAKTOUM INTERNATIONAL AIRPORT - JEBEL ALI - EMIRADOS ÁRABES UNIDOS
DGAA,KOTOKA INTERNATIONAL AIRPORT - ACCRA - GANA
KIAH,"GEORGE BUSH INTERCONTINENTAL AIRPORT - HOUSTON, TEXAS - ESTADOS UNIDOS DA AMÉRICA"
KEWR,"NEWARK LIBERTY INTERNATIONAL AIRPORT - NEWARK & ELIZABETH, NEW JERSEY - ESTADOS UNIDOS DA AMÉRICA"
KORD,"O´HARE INTERNATIONAL AIRPORT - CHICAGO, ILLINOIS - ESTADOS UNIDOS DA AMÉRICA"
KIAD,"WASHINGTON DULLES INTERNATIONAL AIRPORT - WASHINGTON, DC - ESTADOS UNIDOS DA AMÉRICA"
KSFO,"SAN FRANCISCO INTERNATIONAL AIRPORT - SAN MATEO COUNTY, CALIFORNIA - ESTADOS UNIDOS DA AMÉRICA"
MTCH,CAP-HAÏTIEN INTERNATIONAL AIRPORT - CAP-HAÏTIEN - HAITI
SBBP,ESTADUAL ARTHUR SIQUEIRA - BRAGANÇA PAULISTA - SP - BRASIL
SBMT,CAMPO DE MARTE - SÃO PAULO - SP - BRASIL
SDAG,ANGRA DOS REIS - ANGRA DOS REIS - RJ - BRASIL
SBMS,DIX-SEPT ROSADO - MOSSORÓ - RN - BRASIL
SSCE,EMIVAL CAIADO - SÃO JOSÉ DE MIPIBU - RN - BRASIL
SBAC,AEROPORTO DE ARACATI - ARACATI - CE - BRASIL
SI8W,BARRA GRANDE - CAJUEIRO DA PRAIA - PI - BRASIL
SANU,"DOMINGO FAUSTINO SARMIENTO AIRPORT - SAN JUAN, SAN JUAN PROVINCE - ARGENTINA"
SLCB,JORGE WILSTERMANN INTERNATIONAL AIRPORT - COCHABAMBA - BOLÍVIA
SLAL,"Aeroporto de Alcantari - SUCRE, BOLÍVIA -   - BOLÍVIA"
KSLC,"SALT LAKE CITY INTERNATIONAL AIRPORT - SALT LAKE CITY, UTAH - ESTADOS UNIDOS DA AMÉRICA"
KAEX,"ALEXANDRIA INTERNATIONAL AIRPORT - ALEXANDRIA, LOUISIANA -   - ESTADOS UNIDOS DA AMÉRICA"
DXXX,LOMÉ-TOKOIN AIRPORT - LOMÉ - TOGO
TTPP,"PIARCO INTERNATIONAL AIRPORT - PORT OF SPAIN, TRINIDAD - TRINIDAD E TOBAGO"
KGSP,"GREENVILLE-SPARTANBURG INTERNATIONAL AIRPORT - GREER, SOUTH CAROLINA - ESTADOS UNIDOS DA AMÉRICA"
GCLP,GRAN CANARIA AIRPORT - LAS PALMAS - ILHAS CANÁRIAS
EGPK,"GLASGOW PRESTWICK INTERNATIONAL AIRPORT - GLASGOW, SCOTLAND - REINO UNIDO"
GMAD,AGADIR/ AL MASSLRA - AGADIR/ AL MASSLRA - MARROCOS
SAZS,"SAN CARLOS DE BARILOCHE AIRPORT - SAN CARLOS DE BARILOCHE, RÍO NEGRO PROVINCE - ARGENTINA"
KDAL,"DALLAS LOVE FIELD - DALLAS, TEXAS, ESTADOS UNIDOS DA AMÉRICA - ESTADOS UNIDOS DA AMÉRICA"
SVPR,"MANUEL CARLOS PIAR GUAYANA AIRPORT - CIUDAD GUAYANA, BOLÍVAR - VENEZUELA"
EDHI,HAMBURG FINKENWERDER AIRPORT - HAMBURG - ALEMANHA
BIKF,KEFLAVÍK INTERNATIONAL AIRPORT (FLUGSTÖÐ LEIFS EIRÍKSSONAR) - KEFLAVÍK - ISLÂNDIA
HUEN,ENTEBBE INTERNATIONAL AIRPORT - ENTEBBE (NEAR KAMPALA) - UGANDA
SBCP,BARTOLOMEU LISANDRO - CAMPOS DOS GOYTACAZES - RJ - BRASIL
SAMU,USPALLATA AIRPORT - USPALLATA - ARGENTINA
MMMY,MONTERREY - MONTERREY - MÉXICO
VTBS,SUVARNABHUMI AIRPORT (NEW BANGKOK INTERNATIONAL AIRPORT) - SAMUT PRAKAN (NEAR BANGKOK) - TAILÂNDIA
UBBB,HEYDAR ALIYEV INTERNATIONAL AIRPORT - BAKU - AZERBAIJÃO
SBCR,CORUMBÁ - CORUMBÁ - MS - BRASIL
ESGG,GÖTEBORG-LANDVETTER AIRPORT - GÖTEBORG - SUÉCIA
DIAP,PORT BOUET AIRPORT (FELIX HOUPHOUET BOIGNY INTERNATIONAL AIRPORT) - ABIDJAN - COSTA DO MARFIM
SEGU,JOSÉ JOAQUÍN DE OLMEDO INTERNATIONAL AIRPORT - GUAYAQUIL - EQUADOR
EGSS,"LONDON STANSTED AIRPORT - LONDON, ENGLAND - REINO UNIDO"
KAUS,"AUSTIN BERGSTROM INTERNATIONAL AIRPORT - AUSTIN, TEXAS - ESTADOS UNIDOS DA AMÉRICA"
VOMM,CHENNAI INTERNATIONAL AIRPORT - CHENNAI/MADRAS - ÍNDIA
DNAA,"NNAMDI AZIKIWE INTERNATIONAL AIRPORT - ABUJA,  FCT - NIGÉRIA"
HKJK,JOMO KENYATTA INTERNATIONAL AIRPORT (FORMERLY NAIROBI INTERNATIONAL AIRPORT) - NAIROBI - QUÊNIA
MPPA,"PANAMA PACIFICO, FORMERLY HOWARD AIR FORCE BASE - BALBOA - PANAMÁ"
KCWF,"CHENNAULT INTERNATIONAL AIRPORT - LAKE CHARLES, LOUISIANA - ESTADOS UNIDOS DA AMÉRICA"
TBPB,GRANTLEY ADAMS INTERNATIONAL AIRPORT - BRIDGETOWN - BARBADOS
KCLK,"CLINTON REGIONAL AIRPORT - CLINTON, OKLAHOMA - ESTADOS UNIDOS DA AMÉRICA"
SPQT,"CORONEL FAP FRANCISCO SECADA VIGNETTA AIRPORT - IQUITOS, LORETO REGION - PERU"
SIFC,COROA DO AVIÃO - IGARASSU - PE - BRASIL
SIPA,AEROCLUBE SÃO JOSÉ DO RIO PARDO - SÃO JOSÉ DO RIO PARDO - SP - BRASIL
SKCL,ALFONSO BONILLA ARAGÓN INTERNATIONAL AIRPORT - CALI - COLÔMBIA
ESMS,MALMÖ-STURUP AIRPORT - MALMÖ - SUÉCIA
CYHM,"HAMILTON/JOHN C. MUNRO INTERNATIONAL AIRPORT - HAMILTON, ONTARIO - CANADÁ"
MROC,SAN JOSE/JUAN SANTAMARIA - SAN JOSE/JUAN SANTAMARIA - COSTA RICA
FZAA,N´DJILI INTERNATIONAL AIRPORT - KINSHASA - REPÚBLICA DEMOCRÁTICA DO CONGO
SKCG,RAFAEL NÚÑEZ INTERNATIONAL AIRPORT - CARTAGENA - COLÔMBIA
EGFF,"CARDIFF INTERNATIONAL AIRPORT - CARDIFF, WALES - REINO UNIDO"
GMMX,MARRAKECH/MENARA - MARRAKECH/MENARA - MARROCOS
SARE,"RESISTENCIA INTERNATIONAL AIRPORT - RESISTENCIA, CHACO PROVINCE - ARGENTINA"
SCNT,TENIENTE JULIO GALLARDO AIRPORT - PUERTO NATALES - CHILE
KAFW,"FORT WORTH ALLIANCE AIRPORT - FORT WORTH, TEXAS - ESTADOS UNIDOS DA AMÉRICA"
SECU,MARISCAL LAMAR AIRPORT - CUENCA - EQUADOR
SPZO,"SUBTENIENTE FAP ALEJANDRO VELASCO ASTETE INTERNATIONAL AIRPORT - CUSCO, CUSCO REGION - PERU"
WMKK,"KUALA LUMPUR INTERNATIONAL AIRPORT - SEPANG, SELANGOR - MALÁSIA"
FSIA,SEYCHELLES INTERNATIONAL AIRPORT - MAHÉ ISLAND - SEICHELES
FNLU,QUATRO DE FEVEREIRO AIRPORT - LUANDA - ANGOLA
KBFM,"MOBILE DOWNTOWN AIRPORT - MOBILE, ALABAMA - ESTADOS UNIDOS DA AMÉRICA"
SDIM,ITANHAÉM - ITANHAÉM - SP - BRASIL
SDUB,GASTÃO MADEIRA - UBATUBA - SP - BRASIL
SNTQ,BURITIRAMA - BURITIRAMA - BA - BRASIL
SBIC,ITACOATIARA - ITACOATIARA - AM - BRASIL
SLLP,EL ALTO INTERNATIONAL AIRPORT - LA PAZ - BOLÍVIA
SKGO,SANTA ANA AIRPORT - CARTAGO - COLÔMBIA
DNMN,"MINNA AIRPORT - MINNA,  NIGER STATE - NIGÉRIA"
FKYS,YAOUNDÉ NSIMALEN INTERNATIONAL AIRPORT - YAOUNDÉ - CAMARÕES
SCFA,CERRO MORENO INTERNATIONAL AIRPORT - ANTOFAGASTA - CHILE
GCTS,TENERIFE SOUTH AIRPORT - TENERIFE - ESPANHA
LEVT,VITORIA AIRPORT - ÁLAVA - ESPANHA
VHHH,HONG KONG INTERNATIONAL AIRPORT - CHEK LAP KOK - HONG KONG
SEMT,ELOY ALFARO INTERNATIONAL AIRPORT - MANTA - EQUADOR
LFBO,TOULOUSE - BLAGNAC AIRPORT - TOULOUSE - FRANÇA
GVPR,FRANCISCO MENDES AIRPORT - PRAIA - CABO VERDE
MKJP,KINGSTON/NORMAN MANLEY INTL - KINGSTON/NORMAN MANLEY INTL - JAMAICA
SNBS,BALSAS - BALSAS - MA - BRASIL
SWCA,CARAUARI - CARAUARI - AM - BRASIL
SWKO,COARI - COARI - AM - BRASIL
SNYA,ALMEIRIM - ALMEIRIM - PA - BRASIL
SDTF,TATUÍ - TATUÍ - SP - BRASIL
SDC9,TOCANTINÓPOLIS - TOCANTINÓPOLIS - TO - BRASIL
SARP,"LIBERTADOR GENERAL JOSÉ DE SAN MARTÍN AIRPORT - POSADAS, MISIONES PROVINCE - ARGENTINA"
SARI,"CATARATAS DEL IGUAZÚ INTERNATIONAL AIRPORT (IGUAZÚ FALLS) - PUERTO IGUAZÚ, MISIONES PROVINCE - ARGENTINA"
MMGL,GUADALAJARA/INTL   - GUADALAJARA/INTL - MÉXICO
KTPA,"TAMPA INTERNATIONAL AIRPORT - TAMPA, FLORIDA - ESTADOS UNIDOS DA AMÉRICA"
ZSPD,SHANGHAI PUDONG INTERNATIONAL AIRPORT - SHANGHAI - CHINA
VOHY,BEGUMPET AIRPORT - HYDERABAD - ÍNDIA
SNDT,DIAMANTINA - DIAMANTINA - MG - BRASIL
SNJR,SÃO JOÃO DEL REI - SÃO JOÃO DEL REI - MG - BRASIL
SSBL,BLUMENAU - BLUMENAU - SC - BRASIL
SBCM,DIOMÍCIO FREITAS - FORQUILHINHA - SC - BRASIL
SBLJ,CORREIA PINTO - LAGES - SC - BRASIL
SBCD,CARLOS ALBERTO DA COSTA NEVES - CAÇADOR - SC - BRASIL
SSJA,SANTA TEREZINHA - JOAÇABA - SC - BRASIL
SSOE,HÉLIO WASUM - SÃO MIGUEL DO OESTE - SC - BRASIL
VVNB,NOI BAI INTERNATIONAL AIRPORT - HANOI - VIETNÃ
SAWH,"USHUAIA - MALVINAS ARGENTINAS INTERNATIONAL AIRPORT - USHUAIA, TIERRA DEL FUEGO PROVINCE - ARGENTINA"
SKAR,EL EDÉN INTERNATIONAL AIRPORT - ARMENIA - COLÔMBIA
KDAB,"DAYTONA BEACH INTERNATIONAL AIRPORT - DAYTONA BEACH, FLORIDA - ESTADOS UNIDOS DA AMÉRICA"
GSAI,HASSAN I AIRPORT (EL AAIÚN AIRPORT) - EL AAIÚN (LAÂYOUNE) (ALSO SEE GMML) - SAARA OCIDENTAL
KPMB,"PEMBINA MUNICIPAL AIRPORT - PEMBINA, NORTH DAKOTA - ESTADOS UNIDOS DA AMÉRICA"
SVBL,"EL LIBERTADOR AIRBASE - MARACAY, ARAGUA - VENEZUELA"
KCVG,"CINCINNATI/NORTHERN KENTUCKY INTERNATIONAL AIRPORT - HEBRON, KENTUCKY - ESTADOS UNIDOS DA AMÉRICA"
LFSB,"EuroAirport Basel-Mulhouse-Freiburg - MULHOUSE, FRANCE/BASEL, SWITZERLAND -  - FRANÇA"
KGWO,"GREENWOOD-LEFLORE AIRPORT - GREENWOOD, MISSISSIPPI - ESTADOS UNIDOS DA AMÉRICA"
SBJC,BELÉM/BRIGADEIRO PROTÁSIO DE OLIVEIRA - BELÉM - PA - BRASIL
OMAA,AB DHABI INTERNATIONAL - AB DHABI INTERNATIONAL - EMIRADOS ÁRABES UNIDOS
KSAV,"SAVANNAH/HILTON HEAD INTERNATIONAL AIRPORT - SAVANNAH, GEORGIA - ESTADOS UNIDOS DA AMÉRICA"
LHBP,LISZT FERENC INTERNATIONAL AIRPORT - BUDAPEST - HUNGRIA
KMZJ,"PINAL AIRPARK - PINAL COUNTY, ARIZONA - ESTADOS UNIDOS DA AMÉRICA"
LETL,TERUEL AIRPORT - TERUEL - ESPANHA
SCCF,EL LOA AIRPORT - CALAMA - CHILE
KTUS,"TUCSON INTERNATIONAL AIRPORT - TUCSON, ARIZONA - ESTADOS UNIDOS DA AMÉRICA"
KIWA,"PHOENIX-MESA GATEWAY AIRPORT - MESA, ARIZONA - ESTADOS UNIDOS DA AMÉRICA"
KHSV,"HUNTSVILLE INTERNATIONAL AIRPORT (CARL T. JONES FIELD) - HUNTSVILLE, ALABAMA - ESTADOS UNIDOS DA AMÉRICA"
SEQU,QUITO  - QUITO -  - EQUADOR
EDFH,FRANKFURT-HAHN AIRPORT - RHINELAND-PALATINATE - ALEMANHA
OOMS,MUSCAT INTERNATIONAL AIRPORT - MUSCAT - OMÃ
VABB,CHATRAPATI SHIVAJI INTERNATIONAL AIRPORT - MUMBAI (BOMBAY) - ÍNDIA
LPMA,"MADEIRA AIRPORT INT. (FUNCHAL AIRPORT) - FUNCHAL, MADEIRA ISLAND (SANTA CRUZ)/FUNCHAL AREA - PORTUGAL"
