texto,sentimento
O serviço de entrega foi incrivelmente rápido e eficiente.,POSITIVO
O café da manhã não tinha muitas opções quentes.,NEGATIVO
A reunião está agendada para as dez horas da manhã.,NEUTRO
Fiquei extremamente desapontado com a qualidade final do produto.,NEGATIVO
Recebi um elogio maravilhoso da minha equipe hoje.,POSITIVO
A temperatura ambiente está agradável para esta época do ano.,NEUTRO
Atrasos constantes estão prejudicando todo o projeto.,NEGATIVO
O atendimento ao cliente superou todas as minhas expectativas.,POSITIVO
O relatório financeiro será divulgado na próxima semana.,NEUTRO
Não consigo encontrar uma solução para este problema frustrante.,NEGATIVO
A nova atualização do software é fantástica e muito intuitiva.,POSITIVO
O preço do bilhete aumentou significativamente neste mês.,NEGATIVO
"O computador está ligado, mas a tela permanece preta.",NEUTRO
Minha experiência com a empresa foi totalmente desagradável.,NEGATIVO
Eles têm uma visão inovadora e inspiradora para o futuro.,POSITIVO
"A cor da parede é azul-clara, conforme o pedido.",NEUTRO
É inaceitável que o erro persista após tantas correções.,NEGATIVO
Recomendo este livro a todos; é uma leitura enriquecedora.,POSITIVO
O prazo final para submissão dos documentos é amanhã.,NEUTRO
Sinto-me completamente traído pelas promessas não cumpridas.,NEGATIVO
O novo design da loja está simplesmente espetacular.,POSITIVO
A quantidade de açúcar na receita parece ser excessiva.,NEUTRO
A falta de comunicação causou um estresse desnecessário.,NEGATIVO
"A performance do atleta foi brilhante, merecendo o ouro.",POSITIVO
A luz da sala pisca quando o ar-condicionado é ligado.,NEUTRO
Estou cansado desta rotina monótona e sem surpresas.,NEGATIVO
"O sabor do prato principal estava divino, uma explosão de temperos.",POSITIVO
O governo anunciou novas medidas econômicas hoje.,NEUTRO
O barulho da construção vizinha é insuportável.,NEGATIVO
Agradeço imensamente o apoio e a dedicação de todos.,POSITIVO
A margem de erro está dentro do limite aceitável.,NEUTRO
Ele demonstrou um comportamento rude e desrespeitoso.,NEGATIVO
A palestra foi muito informativa e abriu novos horizontes.,POSITIVO
A previsão do tempo indica chuva fraca para a tarde.,NEUTRO
É uma pena que a peça tenha sido cancelada de última hora.,NEGATIVO
Recebi um presente que me deixou incrivelmente feliz.,POSITIVO
O carro precisa de uma troca de óleo e alinhamento.,NEUTRO
A lentidão do sistema está me tirando a paciência.,NEGATIVO
A iniciativa de caridade foi um sucesso retumbante.,POSITIVO
A porta da frente não está trancando corretamente.,NEUTRO
O vazamento de informações causou um prejuízo irreparável.,NEGATIVO
A festa de aniversário estava animadíssima e cheia de boas energias.,POSITIVO
O número de participantes no evento superou a expectativa inicial.,NEUTRO
Perdi a confiança neles depois do último erro.,NEGATIVO
Tenho orgulho de fazer parte desta comunidade acolhedora.,POSITIVO
O pacote de viagem inclui café da manhã e traslado.,NEUTRO
Não há justificativa para tanta desorganização e caos.,NEGATIVO
A paisagem da montanha era de tirar o fôlego.,POSITIVO
O resultado do exame estará disponível em três dias úteis.,NEUTRO
Fui alvo de comentários maldosos e ofensivos.,NEGATIVO
Ela é uma pessoa inspiradora e com uma força de vontade incrível.,POSITIVO
O livro didático tem 350 páginas e 12 capítulos.,NEUTRO
O cheiro no corredor é extremamente desagradável.,NEGATIVO
O show foi eletrizante e a banda estava em sua melhor forma.,POSITIVO
O eletrodoméstico consome 200 watts por hora de uso.,NEUTRO
A multa por atraso no pagamento é abusiva.,NEGATIVO
A visita ao museu foi uma experiência cultural muito valiosa.,POSITIVO
Os documentos foram enviados para o endereço eletrônico fornecido.,NEUTRO
Houve uma falha de segurança que comprometeu os dados.,NEGATIVO
Encontrei a solução perfeita para o meu problema.,POSITIVO
A nova legislação entra em vigor a partir do próximo mês.,NEUTRO
É irritante ter que repetir a mesma coisa várias vezes.,NEGATIVO
O feedback que recebi foi construtivo e muito útil.,POSITIVO
O contrato tem uma cláusula de rescisão após seis meses.,NEUTRO
Não aguento mais o som alto vindo da casa do vizinho.,NEGATIVO
A bondade e generosidade dele são contagiantes.,POSITIVO
O evento será realizado no centro de convenções da cidade.,NEUTRO
O atendimento foi péssimo; o funcionário parecia entediado.,NEGATIVO
"A comida estava fresquinha e deliciosa, como sempre.",POSITIVO
A empresa abriu 50 novas vagas de emprego.,NEUTRO
As condições de trabalho são deploráveis e inseguras.,NEGATIVO
A sensação de dever cumprido é a melhor recompensa.,POSITIVO
As chaves estão em cima da mesa da cozinha.,NEUTRO
Fui cobrado duas vezes pelo mesmo serviço.,NEGATIVO
A vista do terraço é absolutamente deslumbrante.,POSITIVO
A nova política de férias permite acumular até 10 dias.,NEUTRO
O produto é frágil e quebrou no primeiro uso.,NEGATIVO
O trabalho em equipe foi harmonioso e produtivo.,POSITIVO
O ônibus 403 passa a cada vinte minutos nos dias úteis.,NEUTRO
A indiferença deles em relação ao problema é revoltante.,NEGATIVO
Consegui superar o desafio e me sinto vitorioso.,POSITIVO
A peça de teatro tem três atos e um intervalo.,NEUTRO
O preço está muito acima do valor de mercado.,NEGATIVO
É um prazer trabalhar com pessoas tão dedicadas.,POSITIVO
O prazo de garantia do produto é de 90 dias.,NEUTRO
"O resultado foi um fiasco total, perdemos tudo.",NEGATIVO
Ele tem um talento incrível para a música clássica.,POSITIVO
A máquina de lavar roupas parou de funcionar.,NEUTRO
As críticas negativas na internet são assustadoras.,NEGATIVO
O sorriso dela ilumina qualquer ambiente.,POSITIVO
O aluguel do apartamento é de R$ 1.500 por mês.,NEUTRO
"A comida estava fria e sem sabor, uma decepção.",NEGATIVO
A proposta de parceria é promissora e muito bem-vinda.,POSITIVO
A bateria do meu celular dura cerca de cinco horas.,NEUTRO
A situação de emergência causou pânico generalizado.,NEGATIVO
O final do filme foi emocionante e me fez chorar de alegria.,POSITIVO
O horário de funcionamento da loja é das 9h às 18h.,NEUTRO
A falta de respeito do motorista foi vergonhosa.,NEGATIVO
Que dia maravilhoso para sair e aproveitar o sol!,POSITIVO
O total da compra é de cento e cinquenta reais e vinte centavos.,NEUTRO
O design minimalista é elegante e funcional.,POSITIVO
A data limite para a entrega do projeto foi alterada.,NEUTRO
"Nunca mais compro nada desta marca, foi um desperdício.",NEGATIVO
O seminário foi excepcionalmente bem organizado e produtivo.,POSITIVO
As instruções de montagem não são claras e dificultam o processo.,NEGATIVO
O número de acessos ao site triplicou em um mês.,NEUTRO
Sinto uma grande felicidade ao rever meus amigos de infância.,POSITIVO
O trânsito na rodovia principal está totalmente parado.,NEGATIVO
Ela trabalha como engenheira civil em uma grande construtora.,NEUTRO
A falta de higiene neste local é repugnante.,NEGATIVO
O atendimento foi cordial e resolveu meu problema rapidamente.,POSITIVO
O manual do usuário está disponível apenas em formato digital.,NEUTRO
Essa situação me deixou em estado de profunda tristeza.,NEGATIVO
O pôr do sol na praia hoje foi uma visão gloriosa.,POSITIVO
O pacote foi enviado do depósito central no Paraná.,NEUTRO
A atitude dele foi um verdadeiro insulto à nossa inteligência.,NEGATIVO
É um privilégio testemunhar tanto talento e dedicação.,POSITIVO
O filme tem duração de 1 hora e 45 minutos.,NEUTRO
O barulho constante dos vizinhos é insuportável e estressante.,NEGATIVO
Que notícia incrível! Estou pulando de alegria.,POSITIVO
O preço da gasolina subiu novamente nesta semana.,NEGATIVO
O artigo discute os efeitos da inteligência artificial na sociedade.,NEUTRO
A nova decoração do ambiente ficou aconchegante e charmosa.,POSITIVO
"Tivemos que esperar horas na fila, o que foi tedioso.",NEGATIVO
As eleições municipais serão realizadas em outubro.,NEUTRO
Ele é um mentiroso e suas palavras não têm credibilidade.,NEGATIVO
O projeto foi aprovado e agora podemos celebrar o sucesso.,POSITIVO
O número de telefone para contato está no rodapé da página.,NEUTRO
Estou desesperado com a quantidade de dívidas acumuladas.,NEGATIVO
O cheiro de pão fresco é algo que me conforta profundamente.,POSITIVO
O computador reiniciou sozinho após a atualização do sistema.,NEUTRO
Fui tratado com total descaso e indiferença.,NEGATIVO
Sua capacidade de liderança é inspiradora e motivadora.,POSITIVO
A previsão é de que a temperatura chegue a 30 graus.,NEUTRO
O erro causou um prejuízo que demoraremos a recuperar.,NEGATIVO
"A festa estava maravilhosa, com ótimas pessoas e música.",POSITIVO
A bicicleta tem 21 marchas e freios a disco.,NEUTRO
O tratamento que recebi foi humilhante e desnecessário.,NEGATIVO
A dedicação dos voluntários é louvável e faz a diferença.,POSITIVO
O Brasil é o quinto maior país do mundo em área territorial.,NEUTRO
A injustiça me revolta e me deixa cheio de fúria.,NEGATIVO
É uma honra ter sido convidado para participar deste evento.,POSITIVO
O investimento inicial foi de R$ 50 mil para começar o negócio.,NEUTRO
"O filme foi ruim do começo ao fim, uma perda de tempo.",NEGATIVO
"Adorei o presente, você acertou em cheio!",POSITIVO
O livro de receitas é focado em culinária vegetariana.,NEUTRO
A falta de transparência nas negociações é suspeita.,NEGATIVO
O reconhecimento do meu trabalho me deixou muito grato.,POSITIVO
As obras na rua devem durar mais duas semanas.,NEUTRO
Que decepção! Pensei que o resultado seria outro.,NEGATIVO
A oportunidade de crescimento na empresa é fantástica.,POSITIVO
A geladeira nova tem capacidade para 400 litros.,NEUTRO
O comportamento agressivo dele assustou a todos.,NEGATIVO
Que experiência enriquecedora e inesquecível!,POSITIVO
O evento foi transmitido ao vivo pelo canal oficial da instituição.,NEUTRO
Sinto-me completamente sozinho e abandonado.,NEGATIVO
O show de luzes e cores foi uma obra de arte.,POSITIVO
A nova legislação exige que todos os prédios tenham rampas de acesso.,NEUTRO
A demora no retorno me deixou muito ansioso e preocupado.,NEGATIVO
Ele é um profissional dedicado e incrivelmente competente.,POSITIVO
O cachorro da vizinha late muito durante a noite.,NEUTRO
Que falta de consideração com quem esperou tanto!,NEGATIVO
A solução que encontramos é genial e economizará muito tempo.,POSITIVO
A média de idade dos funcionários é de 35 anos.,NEUTRO
O sabor amargo e metálico da comida era intragável.,NEGATIVO
A notícia da cura encheu meu coração de esperança.,POSITIVO
A reunião durou exatamente uma hora e vinte minutos.,NEUTRO
Não consigo perdoar o que ele me fez.,NEGATIVO
O conforto do novo sofá é simplesmente incomparável.,POSITIVO
O relatório final será entregue em formato PDF.,NEUTRO
A negligência da equipe causou danos sérios.,NEGATIVO
Foi um alívio saber que tudo deu certo no final.,POSITIVO
"A taxa de juros básica permanece em 10,75% ao ano.",NEUTRO
A falta de manutenção deixa a estrutura perigosa.,NEGATIVO
A gentileza demonstrada por eles tocou meu coração.,POSITIVO
O novo filme do diretor foi lançado em 150 salas de cinema.,NEUTRO
Estou farto de ser ignorado e desvalorizado.,NEGATIVO
A proposta deles era a mais vantajosa e criativa.,POSITIVO
"A previsão de crescimento do PIB para o ano é de 2,5%.",NEUTRO
O cheiro de queimado vindo da cozinha é preocupante.,NEGATIVO
Que dia lindo! O sol está brilhando e o céu está azul.,POSITIVO
O documento deve ser assinado e reconhecido em cartório.,NEUTRO
"O preço cobrado foi um verdadeiro roubo, um absurdo.",NEGATIVO
A atitude proativa do gerente resolveu a crise.,POSITIVO
O ônibus parou no ponto da esquina e seguiu viagem.,NEUTRO
O desrespeito à fila e às regras é lamentável.,NEGATIVO
A melodia da música nova é cativante e alegre.,POSITIVO
O resultado da pesquisa foi inconclusivo.,NEUTRO
Não suporto a arrogância e o tom de superioridade dele.,NEGATIVO
A generosidade deles em doar foi inspiradora.,POSITIVO
O trem para São Paulo parte da plataforma 3.,NEUTRO
O calor insuportável está me deixando exausto.,NEGATIVO
O espetáculo de dança foi a coisa mais graciosa que já vi.,POSITIVO
O relatório contém dados sobre o consumo de energia.,NEUTRO
A situação política atual é desanimadora e incerta.,NEGATIVO
A medalha de honra ao mérito é totalmente merecida.,POSITIVO
A bicicleta foi comprada há três meses.,NEUTRO
A irresponsabilidade dela colocou todos em risco.,NEGATIVO
"Foi um dia perfeito, sem nenhum contratempo.",POSITIVO
O pagamento pode ser feito via PIX ou cartão de crédito.,NEUTRO
A paisagem da janela é monótona e sem vida.,NEGATIVO
O novo algoritmo demonstrou uma precisão impressionante.,POSITIVO
A reunião de condomínio está marcada para terça-feira.,NEUTRO
A falta de infraestrutura é um obstáculo para o desenvolvimento.,NEGATIVO
Agradeço a oportunidade de contribuir com um projeto tão nobre.,POSITIVO
O protocolo de segurança foi atualizado na última semana.,NEUTRO
Fui pego de surpresa pelo aumento abusivo da mensalidade.,NEGATIVO
Que voz melodiosa e suave! Fiquei encantado.,POSITIVO
O peso máximo suportado pela prateleira é de 15 quilos.,NEUTRO
Os comentários maldosos dele feriram meus sentimentos.,NEGATIVO
O show de fogos de artifício foi o ponto alto da noite.,POSITIVO
A validade do produto é até o final de dezembro.,NEUTRO
A burocracia excessiva torna o processo extremamente lento.,NEGATIVO
Ele é um exemplo de perseverança e dedicação.,POSITIVO
"O pacote pesa 2,5 quilogramas e tem dimensões padrão.",NEUTRO
O desperdício de recursos na área pública é revoltante.,NEGATIVO
A qualidade do tecido é superior e muito confortável.,POSITIVO
A escola oferece aulas de inglês e espanhol.,NEUTRO
A chuva inesperada arruinou completamente nosso passeio.,NEGATIVO
Que sensação de liberdade inigualável ao dirigir na estrada!,POSITIVO
O relatório contém dados sobre o mercado de ações.,NEUTRO
A imprudência do motorista causou um acidente grave.,NEGATIVO
A inovação apresentada tem um potencial incrível.,POSITIVO
O resultado da loteria foi sorteado ontem à noite.,NEUTRO
O atraso na entrega causou sérios problemas na produção.,NEGATIVO
Sua presença no evento tornou tudo muito mais especial.,POSITIVO
A temperatura média anual na região é de 22 graus Celsius.,NEUTRO
A falta de empatia dele me chocou profundamente.,NEGATIVO
O produto funciona perfeitamente e resolveu meu problema.,POSITIVO
O trem de carga transporta minério de ferro.,NEUTRO
O descaso com os animais abandonados é deprimente.,NEGATIVO
A culinária deste restaurante é uma experiência divina.,POSITIVO
"A reunião foi encerrada às 17h, conforme o previsto.",NEUTRO
O preço é proibitivo para a maioria dos consumidores.,NEGATIVO
A luz do sol da manhã me enche de energia e otimismo.,POSITIVO
A casa foi construída em 1985 e passou por uma reforma recente.,NEUTRO
O erro na contagem invalidou todos os resultados.,NEGATIVO
"Foi o dia mais feliz da minha vida, um momento mágico.",POSITIVO
O livro está disponível em capa dura e brochura.,NEUTRO
A incerteza sobre o futuro me causa muita apreensão.,NEGATIVO
O discurso do CEO foi inspirador e muito motivacional.,POSITIVO
O computador está executando a varredura de vírus.,NEUTRO
A sobrecarga de trabalho está me levando à exaustão.,NEGATIVO
A atitude de coragem e heroísmo deve ser celebrada.,POSITIVO
O novo modelo de carro é elétrico e tem autonomia de 400 km.,NEUTRO
O abandono da obra é um sinal de total irresponsabilidade.,NEGATIVO
Que prazer em finalmente ver este projeto concluído com sucesso!,POSITIVO
A temperatura da água do mar está em 25 graus.,NEUTRO
O resultado do tratamento foi terrível e inesperado.,NEGATIVO
"Ele é um verdadeiro gênio, suas ideias são brilhantes.",POSITIVO
O prazo para a conclusão do curso é de quatro anos.,NEUTRO
A desorganização da equipe causou um grande vexame.,NEGATIVO
A doçura daquele bebê é de derreter o coração.,POSITIVO
O sistema operacional requer 8 GB de memória RAM.,NEUTRO
Sinto-me ofendido por suas palavras desrespeitosas.,NEGATIVO
A sensação de vitória após a maratona é indescritível.,POSITIVO
O número da minha conta bancária é 123456-7.,NEUTRO
A falta de consideração me deixou profundamente triste.,NEGATIVO
Ele é um amigo leal e confio plenamente em seu julgamento.,POSITIVO
A impressora está sem tinta preta.,NEUTRO
Não há esperança de que a situação melhore.,NEGATIVO
A beleza natural daquele lugar é estonteante.,POSITIVO
O evento acontece todos os anos no mês de maio.,NEUTRO
A comida estava estragada e causou mal-estar.,NEGATIVO
O feedback positivo da gerência me motivou muito.,POSITIVO
A nova regra vale a partir do dia 1º de janeiro.,NEUTRO
A agressão verbal que sofri foi inaceitável.,NEGATIVO
Ele tem uma capacidade extraordinária de resolver problemas.,POSITIVO
O sinal de internet está intermitente.,NEUTRO
O serviço é caro e a qualidade é deplorável.,NEGATIVO
A alegria de ter meu filho de volta é imensa.,POSITIVO
O preço de venda do imóvel é negociável.,NEUTRO
A crise hídrica deixou a população em pânico.,NEGATIVO
A nova tecnologia é revolucionária e muito promissora.,POSITIVO
O restaurante tem capacidade para 100 clientes.,NEUTRO
O descumprimento do acordo gerou grande frustração.,NEGATIVO
Ele é a pessoa mais bondosa e prestativa que conheço.,POSITIVO
O carro foi fabricado na Alemanha.,NEUTRO
O tratamento é doloroso e muito invasivo.,NEGATIVO
A inauguração do novo espaço foi um sucesso estrondoso.,POSITIVO
O filme de comédia teve boas críticas no geral.,NEUTRO
O cheiro de lixo acumulado é nauseante.,NEGATIVO
Que dia incrível! Tudo deu certo e estou radiante.,POSITIVO
A reunião de pauta será às 8h30.,NEUTRO
O comportamento abusivo dele é intolerável.,NEGATIVO
O carinho e a atenção dela me fazem sentir amado.,POSITIVO
A empresa anunciou o fechamento de uma de suas filiais.,NEUTRO
A má gestão levou a empresa à falência.,NEGATIVO
Tenho as melhores lembranças daquela viagem.,POSITIVO
O prazo de entrega estimado é de 7 a 10 dias úteis.,NEUTRO
A notícia da perda me deixou desolado e sem chão.,NEGATIVO
Sua dedicação ao trabalho é admirável e exemplar.,POSITIVO
O contrato deve ser renovado anualmente.,NEUTRO
O barulho constante impede que eu consiga dormir.,NEGATIVO
"A solução proposta é elegante, simples e eficaz.",POSITIVO
A pesquisa foi realizada com 500 pessoas.,NEUTRO
Sinto vergonha do que aconteceu naquela noite.,NEGATIVO
A organização do evento foi impecável em todos os detalhes.,POSITIVO
A encomenda será entregue em embalagem discreta.,NEUTRO
A sensação de fracasso é esmagadora.,NEGATIVO
O sabor daquele bolo de chocolate era celestial.,POSITIVO
A votação para o novo presidente ocorrerá em janeiro.,NEUTRO
O cheiro forte de mofo e umidade é insuportável.,NEGATIVO
A equipe demonstrou um espírito colaborativo fantástico.,POSITIVO
A temperatura do forno deve ser ajustada para 180 graus.,NEUTRO
O prejuízo causado pelo incêndio foi incalculável.,NEGATIVO
Que maravilha ter finalmente um dia de folga para descansar.,POSITIVO
A chave de segurança foi enviada por e-mail.,NEUTRO
A burocracia do processo de reembolso é frustrante.,NEGATIVO
Ela é uma profissional de uma ética e competência notáveis.,POSITIVO
A pesquisa foi conduzida no estado de São Paulo.,NEUTRO
A injustiça me causou um sentimento de impotência e raiva.,NEGATIVO
A experiência gastronômica foi de altíssimo nível.,POSITIVO
O livro foi publicado pela editora em 2018.,NEUTRO
As constantes interrupções no serviço me irritaram profundamente.,NEGATIVO
A doçura no tratamento do médico me tranquilizou.,POSITIVO
O prédio tem dez andares e dois elevadores.,NEUTRO
A promessa vazia dele nos fez perder muito tempo.,NEGATIVO
O sistema de segurança é robusto e muito confiável.,POSITIVO
O computador está solicitando uma nova senha.,NEUTRO
O preço daquele ingresso é exorbitante e inacessível.,NEGATIVO
A conquista daquele prêmio foi o ápice da minha carreira.,POSITIVO
A porta da sala de reunião está fechada.,NEUTRO
A falta de consideração com os mais velhos é desumana.,NEGATIVO
O novo filme tem críticas excelentes e é imperdível.,POSITIVO
"O valor da multa de trânsito é de R$ 195,23.",NEUTRO
Sinto um medo profundo de falhar neste desafio.,NEGATIVO
O esforço da equipe foi recompensado com louvor.,POSITIVO
O artigo explica o funcionamento dos buracos negros.,NEUTRO
A experiência no hotel foi péssima: quarto sujo e barulhento.,NEGATIVO
O nascer do sol hoje estava incrivelmente radiante.,POSITIVO
A nova lei de proteção de dados já está em vigor.,NEUTRO
A irresponsabilidade dela causou um estrago irreversível.,NEGATIVO
O projeto é genial e merece todo o nosso apoio.,POSITIVO
O arquivo tem um tamanho total de 15 megabytes.,NEUTRO
A lentidão do serviço online está me deixando furioso.,NEGATIVO
Agradeço a dedicação e o profissionalismo de todos.,POSITIVO
O número do pedido para rastreamento é 987654321.,NEUTRO
A falta de vagas de emprego me preocupa muito.,NEGATIVO
O abraço da minha mãe é o melhor conforto do mundo.,POSITIVO
A conferência será transmitida ao vivo pelo YouTube.,NEUTRO
As reclamações sobre o produto têm sido constantes.,NEGATIVO
O novo sistema é uma verdadeira benção para a empresa.,POSITIVO
A temperatura máxima registrada foi de 40 graus.,NEUTRO
O odor de esgoto vindo do ralo é horrível.,NEGATIVO
Foi um momento de profunda emoção e alegria.,POSITIVO
O relatório aponta um aumento nas vendas do último trimestre.,NEUTRO
A desconfiança mútua está destruindo o relacionamento.,NEGATIVO
Ele tem um talento nato para a oratória.,POSITIVO
A sala de cinema tem 200 lugares.,NEUTRO
Sinto-me completamente abandonado à própria sorte.,NEGATIVO
A iniciativa de sustentabilidade é louvável.,POSITIVO
O documento deve ser protocolado na secretaria.,NEUTRO
O descaso com a saúde pública é inadmissível.,NEGATIVO
A gentileza de estranhos sempre me surpreende positivamente.,POSITIVO
A bateria do aparelho descarregou completamente.,NEUTRO
A taxa de cancelamento é extremamente punitiva.,NEGATIVO
A nova política da empresa é um passo gigantesco.,POSITIVO
O curso de especialização dura 18 meses.,NEUTRO
A notícia de sua doença me entristeceu profundamente.,NEGATIVO
O sorriso sincero dela me acalmou instantaneamente.,POSITIVO
O carro foi rebocado por estar em local proibido.,NEUTRO
A falta de respeito do líder com a equipe é lamentável.,NEGATIVO
O resultado da pesquisa de satisfação foi excelente.,POSITIVO
O valor da entrada é de 50 reais por pessoa.,NEUTRO
Fui alvo de uma difamação cruel e injusta.,NEGATIVO
A beleza daquela flor rara é indescritível.,POSITIVO
A geladeira faz um barulho estranho quando liga o motor.,NEUTRO
A perspectiva de um futuro incerto me causa ansiedade.,NEGATIVO
Agradeço de coração a sua inestimável ajuda.,POSITIVO
O contrato foi assinado por ambas as partes.,NEUTRO
"O lixo se acumula na calçada, um cenário degradante.",NEGATIVO
A sensação de dever cumprido é a melhor parte do dia.,POSITIVO
A aula de matemática começa às 14h.,NEUTRO
O desastre natural destruiu toda a plantação.,NEGATIVO
Foi um prazer enorme participar deste projeto.,POSITIVO
A impressora está com um erro no cartucho de cor.,NEUTRO
A negligência com o meio ambiente é um crime.,NEGATIVO
A visão otimista dele nos deu força para seguir.,POSITIVO
O mapa indica a localização exata do tesouro.,NEUTRO
A comida era insípida e a carne estava dura.,NEGATIVO
Que presente incrível! Não esperava por algo tão bom.,POSITIVO
O código do produto é XH992Y.,NEUTRO
Fui humilhado publicamente pelo meu chefe.,NEGATIVO
O sabor do café desta cafeteria é incomparável.,POSITIVO
O celular tem uma câmera de 12 megapixels.,NEUTRO
A falta de perspectiva me deixa desanimado.,NEGATIVO
Ele é um amigo fiel e um companheiro para todas as horas.,POSITIVO
A empresa foi fundada em 1995.,NEUTRO
O abandono dos idosos é uma vergonha para a sociedade.,NEGATIVO
O novo show da cantora é vibrante e cheio de energia.,POSITIVO
O pacote de software inclui três aplicativos principais.,NEUTRO
A notícia da morte do ídolo chocou e entristeceu a todos.,NEGATIVO
A experiência de imersão cultural foi inestimável.,POSITIVO
"O relógio digital mostra a hora, data e temperatura.",NEUTRO
A insegurança nas ruas aumentou drasticamente.,NEGATIVO
Que lindo! Estou maravilhado com o resultado final.,POSITIVO
O prazo de validade é de seis meses após a abertura.,NEUTRO
O descumprimento das regras levará a sanções graves.,NEGATIVO
A solução encontrada é brilhante e muito criativa.,POSITIVO
O documento foi anexado ao e-mail para revisão.,NEUTRO
A sensação de perda e vazio é constante.,NEGATIVO
Ele é a pessoa mais gentil e prestativa que já conheci.,POSITIVO
O prédio vizinho será demolido na próxima semana.,NEUTRO
A falta de higiene no banheiro público é nojenta.,NEGATIVO
O novo sistema operacional é muito mais rápido e estável.,POSITIVO
O carro está estacionado na vaga número 15.,NEUTRO
A comida estava totalmente sem sal e intragável.,NEGATIVO
Recebi uma carta de agradecimento que me emocionou.,POSITIVO
A reunião foi adiada para a próxima segunda-feira.,NEUTRO
A falta de planejamento resultou em um desastre total.,NEGATIVO
A vista da cobertura é simplesmente maravilhosa e inspiradora.,POSITIVO
"O preço do dólar fechou em R$ 5,20 hoje.",NEUTRO
A atitude egoísta dele me decepcionou profundamente.,NEGATIVO
A performance musical foi impecável e vibrante.,POSITIVO
O evento terá início às 19h e a entrada é gratuita.,NEUTRO
O barulho da sirene é ensurdecedor e irritante.,NEGATIVO
É um prazer trabalhar com uma equipe tão talentosa e engajada.,POSITIVO
A temperatura no ártico chegou a -50 graus Celsius.,NEUTRO
A humilhação que sofri na frente de todos foi inesquecível.,NEGATIVO
O atendimento foi personalizado e extremamente atencioso.,POSITIVO
O computador está solicitando que você instale uma atualização.,NEUTRO
O tratamento recebido foi totalmente desrespeitoso.,NEGATIVO
O gesto de solidariedade deles foi profundamente tocante.,POSITIVO
O livro de história possui 10 capítulos sobre a Idade Média.,NEUTRO
Fico arrasado toda vez que penso no que poderia ter sido.,NEGATIVO
A nova estratégia de marketing é ousada e genial.,POSITIVO
O ônibus 302 mudou seu itinerário.,NEUTRO
"O lixo se espalha pela rua, uma visão lamentável.",NEGATIVO
A sensação de finalmente estar em casa é de puro conforto.,POSITIVO
A impressora está com papel atolado.,NEUTRO
A falta de respostas me deixa ansioso e frustrado.,NEGATIVO
A dedicação dela é incomparável e merece reconhecimento.,POSITIVO
A previsão do tempo para amanhã é de sol.,NEUTRO
O erro na cirurgia causou danos irreversíveis ao paciente.,NEGATIVO
O presente que ganhei me fez o ser humano mais feliz.,POSITIVO
O resultado do jogo de futebol foi 2 a 1 para o time da casa.,NEUTRO
Não aguento mais o tédio desta cidade.,NEGATIVO
A culinária local é saborosa e cheia de tradição.,POSITIVO
A bicicleta tem um pneu furado.,NEUTRO
As críticas negativas prejudicaram a reputação do negócio.,NEGATIVO
Que momento emocionante! As lágrimas rolaram de alegria.,POSITIVO
O número de habitantes na cidade ultrapassa 5 milhões.,NEUTRO
O descaso das autoridades é um absurdo.,NEGATIVO
O novo método de ensino é eficaz e inovador.,POSITIVO
O prazo para a conclusão da obra é de 12 meses.,NEUTRO
O tratamento médico foi doloroso e não trouxe resultados.,NEGATIVO
A generosidade dela para com os necessitados é admirável.,POSITIVO
O telefone fixo não está funcionando.,NEUTRO
A ineficiência do processo me causou muita raiva.,NEGATIVO
"O design do produto é lindo, moderno e ergonômico.",POSITIVO
A conta de luz veio mais alta neste mês.,NEUTRO
Fui completamente enganado por aquela propaganda falsa.,NEGATIVO
A sensação de dever cumprido é a melhor recompensa.,POSITIVO
O evento será realizado em um pavilhão com capacidade para 10 mil pessoas.,NEUTRO
A negligência com a segurança é um perigo constante.,NEGATIVO
"Ele é um verdadeiro amigo, um presente na minha vida.",POSITIVO
O computador travou durante a apresentação.,NEUTRO
O sabor azedo e rançoso do leite era horrível.,NEGATIVO
O plano de carreira na empresa é muito promissor.,POSITIVO
A nova legislação proíbe o uso de canudos de plástico.,NEUTRO
Fiquei chocado com o nível de crueldade daquela cena.,NEGATIVO
A beleza daquela pintura me hipnotizou.,POSITIVO
O novo livro da autora será lançado em setembro.,NEUTRO
O atraso de três horas no voo causou um grande transtorno.,NEGATIVO
O show de rock foi eletrizante e cheio de energia.,POSITIVO
O carro precisa de um pneu novo.,NEUTRO
A falta de profissionalismo me deixou furioso.,NEGATIVO
Que dia maravilhoso para um passeio ao ar livre!,POSITIVO
O relatório de vendas está na terceira gaveta.,NEUTRO
A situação financeira da empresa é lastimável.,NEGATIVO
A solução que ele propôs é genial e simples.,POSITIVO
A reunião de planejamento durou apenas 30 minutos.,NEUTRO
A arrogância dele é insuportável e irritante.,NEGATIVO
A notícia da sua recuperação foi um alívio enorme.,POSITIVO
O novo celular tem tela de 6 polegadas.,NEUTRO
A injustiça daquele veredito me revoltou.,NEGATIVO
O ambiente de trabalho é acolhedor e colaborativo.,POSITIVO
O ônibus quebrou no meio da estrada.,NEUTRO
O prejuízo na bolsa de valores foi milionário.,NEGATIVO
Ele é um artista talentoso e muito criativo.,POSITIVO
O documento foi redigido em inglês e português.,NEUTRO
A sensação de desamparo me fez chorar.,NEGATIVO
O projeto superou todas as expectativas com excelência.,POSITIVO
A conta de água e esgoto dobrou de valor.,NEUTRO
A falta de educação dele é vergonhosa.,NEGATIVO
A atitude de gratidão dele é tocante.,POSITIVO
A palestra começará pontualmente às 10h.,NEUTRO
O cheiro de podre vindo da geladeira é insuportável.,NEGATIVO
O sucesso do evento foi resultado de muito esforço.,POSITIVO
O valor da compra foi parcelado em 10 vezes sem juros.,NEUTRO
O calor intenso e sufocante está me deixando doente.,NEGATIVO
A comida do chef renomado estava espetacular.,POSITIVO
A nova regra será aplicada a partir de amanhã.,NEUTRO
A incerteza sobre o futuro profissional me atormenta.,NEGATIVO
O gesto de carinho dele me deu forças para continuar.,POSITIVO
O pacote de férias inclui passagem e hospedagem.,NEUTRO
O preço daquele carro de luxo é um roubo.,NEGATIVO
Foi o passeio mais divertido e inesquecível do ano.,POSITIVO
A máquina de lavar roupas está com problema na centrifugação.,NEUTRO
A atitude de descaso da gerência me entristece.,NEGATIVO
A equipe demonstrou um comprometimento admirável.,POSITIVO
O resultado da análise de sangue ficou pronto.,NEUTRO
O odor fétido da água parada é insuportável.,NEGATIVO
O novo tablet tem uma resolução de tela fantástica.,POSITIVO
A temperatura máxima prevista para hoje é de 28 graus.,NEUTRO
A irresponsabilidade dela causou um sério acidente.,NEGATIVO
É um prazer enorme poder ajudar a comunidade.,POSITIVO
O documento precisa ser digitalizado e enviado por e-mail.,NEUTRO
A falta de perspectiva de melhoria me deprime.,NEGATIVO
A paisagem do campo é relaxante e revigorante.,POSITIVO
O pagamento foi confirmado há cinco minutos.,NEUTRO
Fui completamente ignorado na hora de fazer a reclamação.,NEGATIVO
A palestra de ontem foi esclarecedora e muito inspiradora.,POSITIVO
"O preço das ações subiu 0,5% hoje.",NEUTRO
O barulho da obra ao lado é um pesadelo constante.,NEGATIVO
Que notícia maravilhosa para começar o dia!,POSITIVO
A encomenda está prevista para chegar na próxima sexta-feira.,NEUTRO
A comida estava rançosa e tive que jogar tudo fora.,NEGATIVO
O novo modelo de celular é revolucionário e inovador.,POSITIVO
O relatório contém dados sobre a taxa de desemprego.,NEUTRO
A imprudência dele quase custou a vida de alguém.,NEGATIVO
A beleza da arte renascentista me encanta.,POSITIVO
O evento será transmitido a partir das 20h.,NEUTRO
As promessas não cumpridas me deixaram muito desconfiado.,NEGATIVO
"Ele é um líder nato, cheio de carisma e visão.",POSITIVO
A reunião de planejamento mensal acontece na primeira segunda-feira.,NEUTRO
A lentidão da internet é irritante e impede o trabalho.,NEGATIVO
O produto superou em muito minhas expectativas.,POSITIVO
O cachorro comeu o osso que estava na sala.,NEUTRO
A sensação de fracasso me corrói por dentro.,NEGATIVO
A doçura no olhar dela acalma qualquer tempestade.,POSITIVO
O arquivo PDF foi enviado por engano.,NEUTRO
A falta de responsabilidade dele é inaceitável.,NEGATIVO
"Ele é um ser humano excepcional, bondoso e generoso.",POSITIVO
A impressora precisa ser reabastecida com papel.,NEUTRO
O preço daquele apartamento é um abuso.,NEGATIVO
O sorriso dela é a coisa mais bonita que já vi.,POSITIVO
O prazo para a conclusão do curso foi estendido.,NEUTRO
A incerteza sobre o futuro me deixa apavorado.,NEGATIVO
A nova interface do aplicativo é prática e agradável.,POSITIVO
O computador está reiniciando o sistema.,NEUTRO
A má qualidade do material causou o rompimento da peça.,NEGATIVO
A atitude de gratidão dele é uma lição de vida.,POSITIVO
A garrafa de água caiu no chão e molhou o tapete.,NEUTRO
O tratamento foi horrível; o médico foi rude e insensível.,NEGATIVO
Que dia abençoado! O sol e o vento estão perfeitos.,POSITIVO
A temperatura do refrigerador deve estar em 4 graus Celsius.,NEUTRO
O descumprimento do contrato resultará em multa pesada.,NEGATIVO
A ajuda inesperada foi um verdadeiro alívio.,POSITIVO
A loja está aberta das 9h às 20h.,NEUTRO
O lixo acumulado atrai ratos e doenças.,NEGATIVO
A proposta de trabalho é empolgante e desafiadora.,POSITIVO
O trem para a capital parte em 15 minutos.,NEUTRO
A sensação de tédio na espera foi agonizante.,NEGATIVO
A dedicação e o esforço foram plenamente recompensados.,POSITIVO
O mapa do metrô mostra a linha vermelha e azul.,NEUTRO
Fiquei completamente devastado com a notícia.,NEGATIVO
O sabor da torta caseira me traz lembranças felizes.,POSITIVO
O número do protocolo de atendimento é 000123456.,NEUTRO
O cancelamento do show de última hora me irritou muito.,NEGATIVO
A honestidade dela em confessar o erro foi admirável.,POSITIVO
A luz da cozinha está piscando.,NEUTRO
A falta de empatia dele é uma coisa de outro mundo.,NEGATIVO
A nova política da empresa beneficia todos os colaboradores.,POSITIVO
O cão está dormindo tranquilamente no sofá.,NEUTRO
O cheiro de podridão na rua está me dando náuseas.,NEGATIVO
O espetáculo de dança foi a coisa mais linda que já vi.,POSITIVO
A conta de telefone chegou com valor incorreto.,NEUTRO
A negligência com os equipamentos causou a explosão.,NEGATIVO
Ele tem um futuro promissor pela frente.,POSITIVO
O relatório de segurança foi enviado aos gestores.,NEUTRO
A sensação de injustiça me consumiu por dias.,NEGATIVO
Que alívio saber que tudo deu certo no final!,POSITIVO
A reunião com o cliente será presencial.,NEUTRO
A indiferença dele perante o sofrimento me chocou.,NEGATIVO
A vitória foi gloriosa e incontestável.,POSITIVO
O prazo final para o cadastro é 30 de novembro.,NEUTRO
O prejuízo financeiro causado pela crise é assustador.,NEGATIVO
A bondade no coração das pessoas me renova as esperanças.,POSITIVO
O código de acesso à rede Wi-Fi está na recepção.,NEUTRO
O tratamento que recebi foi humilhante e desnecessário.,NEGATIVO
A atitude de liderança dela inspirou toda a equipe.,POSITIVO
A televisão tem 55 polegadas e resolução 4K.,NEUTRO
A falta de vagas para estacionar me deixa irritado.,NEGATIVO
O carinho dos meus amigos é o meu maior tesouro.,POSITIVO
O café está frio.,NEUTRO
A fofoca maldosa que espalharam sobre mim me magoou.,NEGATIVO
A sensação de estar apaixonado é maravilhosa.,POSITIVO
O documento deve ser preenchido em letra de forma.,NEUTRO
A arrogância dele o faz ser uma pessoa detestável.,NEGATIVO
"O novo design do site é limpo, moderno e fácil de usar.",POSITIVO
"O valor da fatura é de R$ 250,00.",NEUTRO
O excesso de burocracia é o nosso pior inimigo.,NEGATIVO
A solução tecnológica apresentada é um divisor de águas.,POSITIVO
A cadeira quebrou e precisa de reparo.,NEUTRO
A decepção com o resultado foi amarga e profunda.,NEGATIVO
Ele tem um coração de ouro e sempre ajuda quem precisa.,POSITIVO
A encomenda chegará em até 10 dias úteis.,NEUTRO
A sensação de pânico durante o voo foi terrível.,NEGATIVO
O novo chef de cozinha é um talento excepcional.,POSITIVO
O carro está com o tanque cheio de gasolina.,NEUTRO
O cheiro de cigarro no quarto do hotel era péssimo.,NEGATIVO
Fui recebido com uma calorosa e sincera acolhida.,POSITIVO
O manual de instruções tem mais de 50 páginas.,NEUTRO
A falta de investimento está destruindo o patrimônio histórico.,NEGATIVO
O evento de premiação foi glamoroso e muito bem conduzido.,POSITIVO
O prazo para a inscrição no concurso terminou ontem.,NEUTRO
A imprudência dele na direção colocou em risco a família.,NEGATIVO
Ele tem uma mente brilhante e ideias inovadoras.,POSITIVO
A temperatura ideal para a cerveja é de 4 graus Celsius.,NEUTRO
O desrespeito ao horário de funcionamento é inaceitável.,NEGATIVO
A nova ferramenta de análise de dados é extremamente poderosa.,POSITIVO
O computador precisa de uma nova placa de vídeo.,NEUTRO
"A injustiça da situação me deixou sem palavras, apenas raiva.",NEGATIVO
Que experiência revigorante e cheia de boas energias!,POSITIVO
O prédio comercial foi inaugurado no ano passado.,NEUTRO
A espera de mais de duas horas no hospital foi angustiante.,NEGATIVO
"A comida estava saborosíssima, temperada na medida certa.",POSITIVO
O livro aborda o tema da sustentabilidade.,NEUTRO
O barulho da chuva forte me impede de dormir.,NEGATIVO
A conquista do título foi emocionante e merecida.,POSITIVO
A porta do armário não fecha direito.,NEUTRO
A falta de preparo da equipe causou um grande vexame.,NEGATIVO
O novo plano de benefícios é generoso e excelente.,POSITIVO
O valor da multa por estacionamento irregular é alto.,NEUTRO
A situação financeira me causa um estresse tremendo.,NEGATIVO
A oportunidade de crescimento é a melhor coisa desta empresa.,POSITIVO
"O número do apartamento é 102, no segundo andar.",NEUTRO
A sensação de fracasso após o teste foi devastadora.,NEGATIVO
O feedback construtivo que recebi foi muito valioso.,POSITIVO
O gato preto está dormindo na cama.,NEUTRO
O cheiro de queimado vindo do motor me assustou.,NEGATIVO
A dedicação dela é uma inspiração para todos nós.,POSITIVO
A encomenda será entregue em horário comercial.,NEUTRO
A irresponsabilidade com as finanças é um grande problema.,NEGATIVO
A gentileza e o carinho dela são inesquecíveis.,POSITIVO
A temperatura do ambiente está em 24 graus.,NEUTRO
A notícia da demissão inesperada me deixou em pânico.,NEGATIVO
Ele tem uma capacidade de superação admirável.,POSITIVO
O livro conta a história de um detetive particular.,NEUTRO
O atendimento foi péssimo; o funcionário foi mal-educado.,NEGATIVO
O investimento na nova tecnologia foi extremamente acertado.,POSITIVO
A reunião de acompanhamento será semanal.,NEUTRO
A falta de perspectiva de futuro me entristece.,NEGATIVO
O sorriso daquela criança ilumina qualquer lugar.,POSITIVO
O avião decolou no horário previsto.,NEUTRO
Fui vítima de uma fraude e perdi todo o meu dinheiro.,NEGATIVO
A nova coleção de roupas está simplesmente deslumbrante.,POSITIVO
"A impressora está ligada, mas não imprime.",NEUTRO
O barulho constante do vizinho é de enlouquecer.,NEGATIVO
A honestidade dele em assumir o erro é um ponto positivo.,POSITIVO
O documento foi assinado digitalmente.,NEUTRO
O gosto de remédio amargo na boca é insuportável.,NEGATIVO
Que emoção indescritível ao cruzar a linha de chegada!,POSITIVO
O total de vendas no mês passado foi de R$ 500 mil.,NEUTRO
A burocracia excessiva faz com que eu desista de tudo.,NEGATIVO
O novo sistema de gestão é eficiente e muito intuitivo.,POSITIVO
O curso de culinária terá duração de três meses.,NEUTRO
A atitude de indiferença dele perante a dor é fria.,NEGATIVO
A paisagem da montanha é de uma beleza que acalma a alma.,POSITIVO
O carro foi fabricado no ano de 2020.,NEUTRO
A falta de segurança na vizinhança é apavorante.,NEGATIVO
A bondade dele é uma luz na vida de quem precisa.,POSITIVO
O valor da diária no hotel é de 350 reais.,NEUTRO
A decepção com o resultado me deixou desanimado.,NEGATIVO
Ele é um verdadeiro mestre na arte da oratória.,POSITIVO
O pacote de dados será renovado automaticamente.,NEUTRO
O abandono da causa por parte da organização foi lamentável.,NEGATIVO
O elogio que recebi me motivou a seguir em frente.,POSITIVO
O contrato de aluguel será revisado em um ano.,NEUTRO
A má gestão dos recursos causou um rombo financeiro.,NEGATIVO
A experiência com o novo produto foi totalmente satisfatória.,POSITIVO
A nova regra será aplicada a partir de hoje.,NEUTRO
A arrogância dele em todas as reuniões é insuportável.,NEGATIVO
O novo chef trouxe ideias inovadoras e deliciosas.,POSITIVO
A previsão do tempo para a semana é de tempo seco.,NEUTRO
A tristeza pela perda é algo que não consigo superar.,NEGATIVO
O trabalho voluntário me enche de alegria e propósito.,POSITIVO
A impressora está sem conexão com a rede.,NEUTRO
A falta de qualidade do material resultou em quebras constantes.,NEGATIVO
O filme é uma obra-prima do cinema nacional.,POSITIVO
O telefone do suporte técnico é 0800-123-4567.,NEUTRO
A sensação de desespero ao ver o fogo se alastrar foi terrível.,NEGATIVO
O gesto de solidariedade deles foi um farol de esperança.,POSITIVO
O documento precisa de três assinaturas diferentes.,NEUTRO
A irresponsabilidade fiscal nos levou à ruína.,NEGATIVO
A sensação de paz e tranquilidade daquele lugar é única.,POSITIVO
O relógio digital tem alarme e cronômetro.,NEUTRO
"O preço do combustível subiu novamente, um verdadeiro abuso.",NEGATIVO
A solução que encontramos é muito mais barata e eficaz.,POSITIVO
A reunião foi encerrada sem nenhuma decisão tomada.,NEUTRO
Fui alvo de bullying e isso me causou um trauma.,NEGATIVO
"A festa de casamento estava impecável, pura magia.",POSITIVO
A velocidade máxima permitida na via é de 80 km/h.,NEUTRO
A falta de interesse dele no projeto é desanimadora.,NEGATIVO
Ele tem uma risada contagiante que alegra a todos.,POSITIVO
O prazo de entrega do relatório é na quarta-feira.,NEUTRO
A má vontade do atendente me tirou do sério.,NEGATIVO
O novo investimento trará resultados espetaculares.,POSITIVO
O documento deve ser enviado em até 24 horas.,NEUTRO
O excesso de barulho vindo da rua é perturbador.,NEGATIVO
A oportunidade de viajar e conhecer novas culturas é enriquecedora.,POSITIVO
A máquina de café expresso está quebrada.,NEUTRO
A sensação de impotência diante da tragédia é dolorosa.,NEGATIVO
O novo programa de treinamento é abrangente e muito útil.,POSITIVO
"O preço do ingresso para o show é de R$ 120,00.",NEUTRO
A falta de água no bairro é uma calamidade.,NEGATIVO
Que sensação de alívio ao receber a boa notícia!,POSITIVO
"A luz do painel está piscando, indicando um erro.",NEUTRO
O descaso com o dinheiro público é um crime inaceitável.,NEGATIVO
O sabor da fruta colhida na hora é incomparável.,POSITIVO
A nova rota do ônibus economiza 10 minutos de viagem.,NEUTRO
A demora na resposta me deixou extremamente impaciente.,NEGATIVO
Ele é o funcionário mais competente e dedicado da empresa.,POSITIVO
O filme de ficção científica estreou no último fim de semana.,NEUTRO
A atitude de vingança dele é infantil e destrutiva.,NEGATIVO
A beleza daquela obra de arte me tirou o fôlego.,POSITIVO
A encomenda foi enviada via Sedex.,NEUTRO
A humilhação que ele me fez passar é imperdoável.,NEGATIVO
O novo software aumentou nossa produtividade em 30%.,POSITIVO
A previsão do tempo indica sol e calor para o feriado.,NEUTRO
A falta de recursos impede a continuidade da pesquisa.,NEGATIVO
O ambiente de trabalho é harmonioso e estimulante.,POSITIVO
O livro de receitas ensina a fazer pães caseiros.,NEUTRO
A atitude rude e desrespeitosa dele estragou meu dia.,NEGATIVO
Que sorte a minha ter amigos tão incríveis!,POSITIVO
O relatório preliminar foi apresentado na segunda-feira.,NEUTRO
A crise de ansiedade me deixou paralisado e com medo.,NEGATIVO
A sensação de dever cumprido me traz grande satisfação.,POSITIVO
O computador está reiniciando para aplicar atualizações.,NEUTRO
O cheiro de podre da comida me causou ânsia.,NEGATIVO
O novo sistema de filtragem de água é genial.,POSITIVO
A prova final terá 20 questões de múltipla escolha.,NEUTRO
O abandono da causa por falta de apoio me frustrou.,NEGATIVO
A generosidade dela para com os animais é emocionante.,POSITIVO
"A reunião durou mais de três horas, um recorde.",NEUTRO
O tratamento que recebi foi negligente e irresponsável.,NEGATIVO
O novo chef de pastelaria é um verdadeiro artista.,POSITIVO
O valor total da compra foi de 300 reais.,NEUTRO
A imprudência ao volante causou um acidente sério.,NEGATIVO
A vista do alto do morro é espetacular e única.,POSITIVO
O prazo para a entrega do TCC foi prorrogado.,NEUTRO
Sinto uma tristeza profunda pela forma como as coisas acabaram.,NEGATIVO
A nova política de trabalho flexível é uma benção.,POSITIVO
O evento será realizado no próximo mês de abril.,NEUTRO
A falta de informação causou um prejuízo enorme.,NEGATIVO
O reconhecimento do meu esforço me deixou muito feliz.,POSITIVO
O carro foi multado por excesso de velocidade.,NEUTRO
A ineficiência do serviço público é um problema crônico.,NEGATIVO
O show de luzes no final do evento foi mágico.,POSITIVO
O número de desempregados atingiu o menor índice em 10 anos.,NEUTRO
A incerteza econômica gera muita insegurança.,NEGATIVO
A oportunidade de aprendizado é inestimável.,POSITIVO
O pacote inclui três diárias com pensão completa.,NEUTRO
O custo de vida está insuportavelmente alto.,NEGATIVO
O abraço da minha avó é o meu porto seguro.,POSITIVO
A nova edição do livro tem capa dura e ilustrações.,NEUTRO
A falta de transparência da empresa é alarmante.,NEGATIVO
O resultado dos exames de saúde foi excelente.,POSITIVO
O trem quebra na linha todas as manhãs.,NEUTRO
O cheiro de esgoto na rua é nauseante.,NEGATIVO
O novo aplicativo é muito mais amigável e fácil de usar.,POSITIVO
A validade do passaporte expira em junho do próximo ano.,NEUTRO
A crise de abastecimento está afetando o mercado.,NEGATIVO
A capacidade de resiliência dela é inspiradora.,POSITIVO
O número de série do produto é 456ABC789.,NEUTRO
Fiquei completamente desamparado na hora que mais precisei.,NEGATIVO
O presente que recebi é o mais lindo que já ganhei.,POSITIVO
O prédio tem 15 andares e fica na área central.,NEUTRO
A arrogância do atendente me deixou furioso.,NEGATIVO
A sensação de paz após a tempestade é reconfortante.,POSITIVO
"O livro tem 250 páginas e custa R$ 80,00.",NEUTRO
A falta de segurança no transporte público é um perigo.,NEGATIVO
A equipe de voluntários demonstrou uma dedicação incrível.,POSITIVO
O relatório foi impresso em papel reciclado.,NEUTRO
A comida estava fria e a apresentação era lamentável.,NEGATIVO
O novo sistema de vendas é rápido e eficiente.,POSITIVO
A reunião de follow-up será por videoconferência.,NEUTRO
A decepção com o amigo me deixou em estado de choque.,NEGATIVO
A proposta de parceria é promissora e muito bem-vinda.,POSITIVO
A nova política de privacidade exige autenticação em dois fatores.,NEUTRO
O preço abusivo daquele produto é um assalto ao consumidor.,NEGATIVO
A atitude gentil do motorista salvou o dia.,POSITIVO
A conta de água veio com um erro de cálculo.,NEUTRO
O medo de ser pego me consumiu por semanas.,NEGATIVO
A beleza daquele pôr do sol na montanha era indescritível.,POSITIVO
O curso tem carga horária de 40 horas.,NEUTRO
A falta de profissionalismo dele é notória e me irrita.,NEGATIVO
Que alegria em rever a família depois de tanto tempo!,POSITIVO
O valor do imposto aumentou 10% neste ano.,NEUTRO
O cheiro forte de tinta fresca me deu dor de cabeça.,NEGATIVO
"O espetáculo de dança foi perfeito, do começo ao fim.",POSITIVO
A mensagem foi enviada às 14h45.,NEUTRO
A situação de abandono do parque é deprimente.,NEGATIVO
A nova estratégia de vendas é muito mais eficaz.,POSITIVO
O relatório aponta uma queda nas vendas de 5%.,NEUTRO
A sensação de fracasso é esmagadora e sufocante.,NEGATIVO
Ele tem um talento nato para criar soluções inovadoras.,POSITIVO
A nova lei de trânsito está gerando controvérsia.,NEUTRO
O custo das passagens aéreas está proibitivo.,NEGATIVO
O feedback que recebi foi muito encorajador e útil.,POSITIVO
O celular precisa de uma recarga de bateria.,NEUTRO
A falta de consideração com os colegas me irrita.,NEGATIVO
A sensação de estar livre e leve é indescritível.,POSITIVO
A temperatura da água está ideal para nadar.,NEUTRO
A notícia da perda me deixou em um estado de choque.,NEGATIVO
O carinho demonstrado pelos fãs foi comovente.,POSITIVO
A reunião de emergência foi cancelada.,NEUTRO
O desperdício de comida no restaurante é chocante.,NEGATIVO
O atendimento da loja foi impecável e muito atencioso.,POSITIVO
O valor da fatura deve ser pago até o dia 10.,NEUTRO
O descumprimento das regras causou uma punição severa.,NEGATIVO
O novo software de gestão é intuitivo e muito poderoso.,POSITIVO
O relatório detalha os gastos do último mês.,NEUTRO
O cheiro de queimado vindo da rua é preocupante.,NEGATIVO
A atitude proativa do líder resolveu o problema a tempo.,POSITIVO
O preço dos combustíveis continua em alta.,NEUTRO
A ineficiência do processo me causou uma dor de cabeça.,NEGATIVO
A culinária daquele país é exótica e deliciosa.,POSITIVO
O novo prazo de entrega é de 15 dias úteis.,NEUTRO
A situação de insegurança me fez mudar de casa.,NEGATIVO
A beleza da natureza daquele parque é revigorante.,POSITIVO
O documento está salvo na pasta de downloads.,NEUTRO
A arrogância do vendedor foi o motivo da minha desistência.,NEGATIVO
Ele é o palestrante mais inspirador que já assisti.,POSITIVO
O livro tem uma capa dura e 500 páginas.,NEUTRO
A falta de profissionalismo me fez perder a confiança.,NEGATIVO
O novo método de trabalho é eficaz e otimiza o tempo.,POSITIVO
A lâmpada da sala de estar está queimada.,NEUTRO
A notícia da demissão me deixou totalmente desolado.,NEGATIVO
A gentileza e a educação dele são admiráveis.,POSITIVO
A máquina de lavar está na garantia por mais um ano.,NEUTRO
O descaso com a infraestrutura local é lamentável.,NEGATIVO
A visão otimista dele sobre o futuro me anima.,POSITIVO
O valor da entrada será dividido por dois.,NEUTRO
Fui alvo de uma piada de mau gosto e me senti ofendido.,NEGATIVO
O abraço apertado dela me deu forças para seguir.,POSITIVO
O prazo para a inscrição no vestibular se encerra na sexta.,NEUTRO
A falta de perspectiva me causa um sofrimento imenso.,NEGATIVO
A nova campanha de marketing é criativa e envolvente.,POSITIVO
O computador está solicitando um novo driver.,NEUTRO
A má qualidade do serviço justifica a reclamação.,NEGATIVO
O sorriso sincero de um bebê é a coisa mais pura.,POSITIVO
O novo tablet pesa apenas 500 gramas.,NEUTRO
O preço é um roubo; não vale o que é cobrado.,NEGATIVO
A sensação de alegria ao encontrar um velho amigo.,POSITIVO
O telefone da portaria não está funcionando.,NEUTRO
A atitude de covardia dele me envergonhou.,NEGATIVO
A dedicação dela é um exemplo a ser seguido.,POSITIVO
A loja abre às 9h e fecha às 21h.,NEUTRO
"O lixo se acumula na porta do prédio, um horror.",NEGATIVO
A doçura no tratamento do enfermeiro foi essencial.,POSITIVO
O documento precisa ser validado por um advogado.,NEUTRO
A sensação de pânico durante o assalto foi horrível.,NEGATIVO
O show de encerramento foi emocionante e memorável.,POSITIVO
A nova regra de vestimenta é mais rígida.,NEUTRO
A falta de empatia com a dor alheia é revoltante.,NEGATIVO
A proposta de investimento é muito segura e rentável.,POSITIVO
A impressora está com a luz de alerta acesa.,NEUTRO
O atendimento foi rude e o funcionário parecia entediado.,NEGATIVO
O novo design do carro é futurista e elegante.,POSITIVO
O número de protocolo do atendimento é 1234.,NEUTRO
A irresponsabilidade causou a perda de todos os dados.,NEGATIVO
O sabor do vinho tinto era suave e aveludado.,POSITIVO
O relatório final será entregue até o fim da tarde.,NEUTRO
A má gestão dos recursos levou a um corte drástico.,NEGATIVO
O novo empreendimento é um marco na história da cidade.,POSITIVO
A reunião de planejamento está prevista para as 15h.,NEUTRO
O barulho da sirene me causou uma dor de cabeça forte.,NEGATIVO
Que alegria imensa em poder te ajudar neste momento!,POSITIVO
O valor da dívida está parcelado em 12 vezes.,NEUTRO
A negligência com o paciente causou danos irreparáveis.,NEGATIVO
O carinho e o apoio da família são inestimáveis.,POSITIVO
A geladeira tem três prateleiras e um gavetão.,NEUTRO
A indiferença com o problema do colega é decepcionante.,NEGATIVO
O novo método de trabalho é uma verdadeira revolução.,POSITIVO
O prazo para a quitação do empréstimo é de 30 anos.,NEUTRO
O tratamento foi doloroso e ineficaz.,NEGATIVO
A bondade no coração daquele homem me emociona.,POSITIVO
O documento foi redigido em português.,NEUTRO
A incerteza do futuro me causa uma angústia profunda.,NEGATIVO
A atitude de coragem dele salvou a todos.,POSITIVO
O novo celular tem câmera de 20 megapixels.,NEUTRO
A sujeira na mesa me causou nojo.,NEGATIVO
O sorriso dela me acalma e me traz paz.,POSITIVO
O carro precisa ser lavado e encerado.,NEUTRO
A falta de vontade dele em colaborar é irritante.,NEGATIVO
"A solução proposta é simples, elegante e eficaz.",POSITIVO
O valor do aluguel aumentará em 10% no próximo ano.,NEUTRO
O cheiro de queimado no prédio gerou pânico.,NEGATIVO
A experiência de mergulho foi maravilhosa e inesquecível.,POSITIVO
O número de telefone para contato está no cartão de visita.,NEUTRO
Fui alvo de uma injustiça e me senti impotente.,NEGATIVO
O novo livro do autor é uma obra-prima da literatura.,POSITIVO
O computador está na assistência técnica há três dias.,NEUTRO
O prejuízo na produção foi bilionário.,NEGATIVO
O esforço da equipe foi extraordinário e recompensado.,POSITIVO
A data de entrega do produto é 25 de dezembro.,NEUTRO
A falta de perspectiva de emprego me preocupa.,NEGATIVO
"A paisagem do local era de tirar o fôlego, pura beleza.",POSITIVO
O valor do imposto municipal aumentou.,NEUTRO
A atitude de agressividade dele é intolerável.,NEGATIVO
A sensação de acolhimento do hotel foi maravilhosa.,POSITIVO
O prazo de garantia do produto expirou ontem.,NEUTRO
"O lixo se acumula nas margens do rio, um crime ambiental.",NEGATIVO
O novo modelo de carro é seguro e muito confortável.,POSITIVO
O relatório final será revisado antes da publicação.,NEUTRO
A burocracia do processo de visto é cansativa.,NEGATIVO
"Ele é um verdadeiro gênio da tecnologia, suas ideias são geniais.",POSITIVO
A temperatura máxima registrada no mês foi de 35 graus.,NEUTRO
O atendimento foi horrível; esperei por mais de uma hora.,NEGATIVO
O show de luzes na cidade foi um espetáculo inesquecível.,POSITIVO
O número de protocolo do serviço de atendimento é 4321.,NEUTRO
A lentidão do sistema me faz perder muito tempo.,NEGATIVO
A dedicação e o carinho dela com os idosos é exemplar.,POSITIVO
O apartamento tem dois quartos e uma suíte.,NEUTRO
A falta de perspectiva me deixa desmotivado.,NEGATIVO
"A solução proposta é simples, barata e muito eficaz.",POSITIVO
A reunião foi encerrada sem deliberações.,NEUTRO
O preço dos alimentos subiu de forma absurda.,NEGATIVO
Que alívio saber que o tratamento está funcionando!,POSITIVO
O computador está emitindo um som estranho.,NEUTRO
A atitude de descaso com a saúde me revolta.,NEGATIVO
O ambiente de trabalho é leve e muito colaborativo.,POSITIVO
O valor da multa será descontado em folha.,NEUTRO
A sensação de abandono me consome por dentro.,NEGATIVO
O gesto de bondade dele transformou a vida da família.,POSITIVO
O curso de inglês tem duração de dois anos.,NEUTRO
O cheiro de podre vindo do bueiro é insuportável.,NEGATIVO
"Ele é um verdadeiro herói, salvando vidas.",POSITIVO
O trem para a cidade vizinha parte da plataforma 5.,NEUTRO
A notícia da perda do emprego me deixou em pânico.,NEGATIVO
A vista do terraço é simplesmente de tirar o fôlego.,POSITIVO
O valor da inscrição no evento é de 100 reais.,NEUTRO
A falta de segurança na rua é apavorante.,NEGATIVO
Que dia glorioso! O sol e o céu estão perfeitos.,POSITIVO
O prazo para a renovação da carteira de motorista é em dezembro.,NEUTRO
O tratamento foi invasivo e não trouxe o resultado esperado.,NEGATIVO
A capacidade de resiliência dele é muito inspiradora.,POSITIVO
O relatório contém informações sobre a economia global.,NEUTRO
A comida estava estragada e passei muito mal.,NEGATIVO
A nova tecnologia é muito mais intuitiva e eficiente.,POSITIVO
O ônibus 104 atrasou vinte minutos.,NEUTRO
A imprudência ao dirigir causou um acidente com feridos.,NEGATIVO
A sensação de paz e tranquilidade é maravilhosa.,POSITIVO
O livro tem uma capa azul e amarela.,NEUTRO
A falta de atenção dele me fez cometer um erro grave.,NEGATIVO
"Ele é um amigo fiel, daqueles que podemos confiar.",POSITIVO
O carro está com o pneu murcho.,NEUTRO
O serviço de entrega atrasou três dias.,NEGATIVO
O sabor do café desta cafeteria é incomparável e delicioso.,POSITIVO
O preço do bilhete de trem aumentará em 5%.,NEUTRO
A atitude de descaso com o cliente é imperdoável.,NEGATIVO
A sensação de vitória após o esforço é gratificante.,POSITIVO
A luz da sala de aula está queimada.,NEUTRO
O barulho da construção é insuportável e irritante.,NEGATIVO
A nova política de férias é muito generosa.,POSITIVO
O documento foi enviado por correio.,NEUTRO
A falta de higiene no restaurante é preocupante.,NEGATIVO
A doçura daquele olhar me acalmou instantaneamente.,POSITIVO
O número de participantes na conferência foi de 500.,NEUTRO
A injustiça da situação me deixou revoltado.,NEGATIVO
O novo modelo de celular tem uma câmera excepcional.,POSITIVO
O valor da mensalidade do plano de saúde subiu.,NEUTRO
O prejuízo financeiro foi incalculável e devastador.,NEGATIVO
A iniciativa de caridade foi um sucesso e ajudou muitas pessoas.,POSITIVO
A reunião será conduzida pelo novo gerente.,NEUTRO
O cheiro de mofo no apartamento é deprimente.,NEGATIVO
Ele é um profissional dedicado e de uma competência notável.,POSITIVO
A televisão tem tela de LED e 42 polegadas.,NEUTRO
A falta de água no banheiro me deixou irritado.,NEGATIVO
O novo sistema de pagamentos é rápido e muito seguro.,POSITIVO
A data limite para a entrega do produto é amanhã.,NEUTRO
Fui vítima de uma mentira e me senti traído.,NEGATIVO
A bondade no coração daquela pessoa é inspiradora.,POSITIVO
O contrato de trabalho é de tempo indeterminado.,NEUTRO
A arrogância dele em todas as conversas é insuportável.,NEGATIVO
O ambiente da festa estava animado e cheio de boas energias.,POSITIVO
O livro de história tem 12 capítulos sobre a Segunda Guerra Mundial.,NEUTRO
A lentidão do processo me causou muita frustração.,NEGATIVO
A solução que encontramos é genial e simples ao mesmo tempo.,POSITIVO
O preço da gasolina está variando muito.,NEUTRO
A irresponsabilidade dele com as tarefas é inaceitável.,NEGATIVO
Que prazer em receber um elogio sincero!,POSITIVO
A impressora está sem conexão com a internet.,NEUTRO
O sabor amargo e ruim da bebida me fez cuspir.,NEGATIVO
A capacidade de liderança dela é inspiradora.,POSITIVO
O novo aplicativo requer uma atualização de segurança.,NEUTRO
A crise de pânico me deixou completamente fora de mim.,NEGATIVO
A dedicação e o esforço foram a chave para o sucesso.,POSITIVO
O prazo para a entrega do projeto foi de um mês.,NEUTRO
O desrespeito à lei é um sinal de falta de civilidade.,NEGATIVO
O sorriso daquela criança é a coisa mais linda do mundo.,POSITIVO
"O total da compra foi de R$ 85,50.",NEUTRO
A falta de perspectiva me causa uma tristeza imensa.,NEGATIVO
"O atendimento foi rápido, eficiente e muito cordial.",POSITIVO
O relatório aponta para um crescimento de 3% no próximo ano.,NEUTRO
O barulho da moto do vizinho me tira o sono.,NEGATIVO
A solução que ele propôs é brilhante e muito criativa.,POSITIVO
A reunião foi transferida para a sala B.,NEUTRO
A sensação de fracasso após o investimento foi devastadora.,NEGATIVO
A atitude de coragem dele foi crucial para o salvamento.,POSITIVO
O livro foi publicado em mais de 10 idiomas.,NEUTRO
O preço do aluguel está abusivo e injusto.,NEGATIVO
O novo software é extremamente fácil de usar e intuitivo.,POSITIVO
O computador está exibindo uma mensagem de erro.,NEUTRO
O cheiro de podridão no cesto de lixo é insuportável.,NEGATIVO
Que alegria imensa em poder compartilhar este momento!,POSITIVO
A previsão de chuva é de 10 milímetros para a noite.,NEUTRO
A falta de segurança no parque é um perigo constante.,NEGATIVO
A nova política de benefícios é muito vantajosa para todos.,POSITIVO
O valor da multa de trânsito foi pago ontem.,NEUTRO
A má gestão da crise causou um prejuízo imenso.,NEGATIVO
A paisagem da praia ao amanhecer é um espetáculo divino.,POSITIVO
O trem para o Rio de Janeiro parte da plataforma principal.,NEUTRO
Fiquei chocado com o nível de crueldade daquela pessoa.,NEGATIVO
"Ele é um verdadeiro mentor, com conselhos valiosos.",POSITIVO
A encomenda chegou em uma caixa amassada.,NEUTRO
A arrogância dele em todas as discussões é irritante.,NEGATIVO
A nova interface do aplicativo é muito mais agradável de usar.,POSITIVO
O relatório de vendas será apresentado na próxima semana.,NEUTRO
A negligência com o problema causou um desastre.,NEGATIVO
O ambiente de trabalho é acolhedor e altamente produtivo.,POSITIVO
A bicicleta tem cinco marchas e freio a disco.,NEUTRO
A atitude desrespeitosa dele na reunião foi inaceitável.,NEGATIVO
Que sensação de liberdade ao caminhar na montanha!,POSITIVO
O valor do imposto predial aumentou 5%.,NEUTRO
A falta de transparência da empresa me deixou desconfiado.,NEGATIVO
A culinária deste restaurante é uma experiência inesquecível.,POSITIVO
O computador está sem acesso à internet.,NEUTRO
O cheiro de podre da fruta estragada era nauseante.,NEGATIVO
A dedicação dela aos estudos é um exemplo de esforço.,POSITIVO
O prazo para a entrega do currículo é hoje.,NEUTRO
A irresponsabilidade dele com os animais é de partir o coração.,NEGATIVO
O novo sistema de filtragem de água é genial e eficiente.,POSITIVO
A reunião de pauta será conduzida pelo editor-chefe.,NEUTRO
O tratamento médico foi doloroso e ineficaz.,NEGATIVO
O sorriso sincero dela me acalmou em um momento difícil.,POSITIVO
O carro precisa de um alinhamento e balanceamento.,NEUTRO
A lentidão do processo de aprovação é frustrante.,NEGATIVO
A iniciativa de sustentabilidade da empresa é admirável.,POSITIVO
O número de telefone de contato mudou.,NEUTRO
A falta de perspectiva me causa uma dor imensa.,NEGATIVO
O novo método de ensino é divertido e muito eficaz.,POSITIVO
O livro de história tem 300 páginas.,NEUTRO
Fui alvo de bullying na escola e isso me traumatizou.,NEGATIVO
A sensação de dever cumprido é a melhor recompensa de todas.,POSITIVO
O valor da passagem de ônibus aumentou.,NEUTRO
A ineficiência do serviço de correios é lamentável.,NEGATIVO
"Ele é um verdadeiro amigo, sempre presente e leal.",POSITIVO
O documento deve ser assinado pelo gerente.,NEUTRO
O preço do ingresso é um roubo.,NEGATIVO
"A performance musical foi impecável, um show de talento.",POSITIVO
O relatório aponta um aumento de 10% nas vendas.,NEUTRO
O cheiro de esgoto na rua é nauseante.,NEGATIVO
O novo design do produto é elegante e muito moderno.,POSITIVO
A máquina de lavar está fazendo um barulho estranho.,NEUTRO
A falta de respeito do atendente me deixou furioso.,NEGATIVO
A atitude de gratidão dele é tocante e inspiradora.,POSITIVO
O prazo de validade do produto é de 1 ano.,NEUTRO
A arrogância do chefe é insuportável.,NEGATIVO
A solução que encontramos é inovadora e muito simples.,POSITIVO
O contrato será renovado em três meses.,NEUTRO
A perda do meu animal de estimação me deixou muito triste.,NEGATIVO
Que notícia maravilhosa para começar o dia!,POSITIVO
O número de série do aparelho é X123Y456Z789.,NEUTRO
A falta de paciência dele é um grande problema.,NEGATIVO
A vista do alto do prédio é deslumbrante.,POSITIVO
O relatório de segurança aponta falhas graves.,NEUTRO
O descaso com os mais velhos é uma vergonha.,NEGATIVO
A generosidade dela para com os necessitados é admirável.,POSITIVO
O valor da mensalidade da academia é de 150 reais.,NEUTRO
A crise econômica gerou muita insegurança.,NEGATIVO
A sensação de paz e conforto na minha casa é única.,POSITIVO
"O novo modelo de celular tem tela de 6,5 polegadas.",NEUTRO
O tratamento que recebi foi negligente e irresponsável.,NEGATIVO
O novo empreendimento é um sucesso estrondoso.,POSITIVO
O documento foi redigido em português e inglês.,NEUTRO
A irresponsabilidade dele causou um acidente grave.,NEGATIVO
A comida estava fresquinha e o tempero estava perfeito.,POSITIVO
A reunião de planejamento durou a manhã inteira.,NEUTRO
O barulho constante da rua me impede de trabalhar.,NEGATIVO
O abraço da minha mãe é o melhor conforto do mundo.,POSITIVO
O prazo de entrega do pedido é de 5 dias úteis.,NEUTRO
Fui vítima de uma fraude e perdi todo o meu dinheiro.,NEGATIVO
A beleza daquela flor exótica me encantou.,POSITIVO
O relatório foi enviado para todos os diretores.,NEUTRO
A falta de perspectiva de crescimento me frustrou.,NEGATIVO
A solução proposta é brilhante e muito criativa.,POSITIVO
O valor da conta de energia elétrica está alto.,NEUTRO
O cheiro forte de perfume na sala é insuportável.,NEGATIVO
O sorriso dela é a coisa mais bonita que já vi.,POSITIVO
O computador travou durante a instalação.,NEUTRO
A situação de abandono do local é deprimente.,NEGATIVO
A nova estratégia de vendas é muito mais eficaz.,POSITIVO
O avião para Londres decola às 18h.,NEUTRO
O custo da cirurgia é proibitivo para a maioria.,NEGATIVO
Que alegria em poder reencontrar meus amigos!,POSITIVO
O total de participantes no evento foi de 200 pessoas.,NEUTRO
A falta de perspectiva de emprego me desanima.,NEGATIVO
A atitude de coragem e heroísmo deve ser reconhecida.,POSITIVO
O prazo de entrega para o produto é de 48 horas.,NEUTRO
O preço daquele ingresso é exorbitante.,NEGATIVO
O show foi eletrizante e a banda estava incrível.,POSITIVO
O relatório contém dados sobre a taxa de inflação.,NEUTRO
A atitude rude e desrespeitosa dele estragou a noite.,NEGATIVO
A nova ferramenta de trabalho é fantástica e muito útil.,POSITIVO
O documento deve ser preenchido à caneta azul.,NEUTRO
O cheiro de lixo acumulado na rua é insuportável.,NEGATIVO
A sensação de dever cumprido me traz grande paz.,POSITIVO
O celular está com 50% de bateria.,NEUTRO
A imprudência dele ao dirigir causou um susto.,NEGATIVO
Ele é a pessoa mais gentil e prestativa que conheço.,POSITIVO
O valor da fatura deve ser pago até a próxima semana.,NEUTRO
A lentidão do serviço online me causou muita raiva.,NEGATIVO
Que notícia maravilhosa! Estou muito feliz.,POSITIVO
O prédio tem uma nova política de reciclagem.,NEUTRO
A falta de empatia dele me chocou profundamente.,NEGATIVO
O novo design do apartamento é moderno e funcional.,POSITIVO
A encomenda foi entregue no endereço errado.,NEUTRO
O custo de vida na cidade está muito caro.,NEGATIVO
A beleza daquela obra de arte é de tirar o fôlego.,POSITIVO
O resultado da pesquisa foi inconclusivo.,NEUTRO
A negligência com os equipamentos causou um prejuízo.,NEGATIVO
A oportunidade de crescimento na empresa é incrível.,POSITIVO
O trem para a cidade parte a cada 30 minutos.,NEUTRO
O preço está abusivo para a qualidade oferecida.,NEGATIVO
A dedicação e o carinho dela com a família são exemplares.,POSITIVO
O relatório final será divulgado amanhã.,NEUTRO
O barulho constante do vizinho é de enlouquecer.,NEGATIVO
O novo sistema de gestão de projetos é genial.,POSITIVO
A reunião de planejamento durou duas horas.,NEUTRO
A insegurança nas ruas aumentou drasticamente.,NEGATIVO
O sorriso sincero da criança acalmou o ambiente.,POSITIVO
O contrato de trabalho tem validade de um ano.,NEUTRO
A má vontade do atendente me tirou a paciência.,NEGATIVO
A nova política de sustentabilidade é um grande avanço.,POSITIVO
A temperatura no deserto chega a 50 graus.,NEUTRO
A falta de consideração me deixou muito magoado.,NEGATIVO
Ele é um profissional de uma competência notável.,POSITIVO
O livro tem 15 capítulos no total.,NEUTRO
A crise hídrica deixou a população em pânico.,NEGATIVO
A sensação de vitória após o desafio é indescritível.,POSITIVO
O valor da diária no hotel é de 200 reais.,NEUTRO
A falta de higiene no local é repugnante.,NEGATIVO
A proposta de parceria é muito promissora.,POSITIVO
O computador precisa ser formatado.,NEUTRO
O tratamento recebido foi humilhante e desnecessário.,NEGATIVO
O carinho e a atenção dele me fizeram sentir amado.,POSITIVO
O relatório aponta para um déficit de 50 mil reais.,NEUTRO
O descaso com os animais abandonados é deprimente.,NEGATIVO
A doçura daquele bebê é de derreter o coração.,POSITIVO
A nova regra será implementada a partir de segunda.,NEUTRO
O cheiro de queimado vindo da cozinha é forte.,NEGATIVO
A solução encontrada é brilhante e muito simples.,POSITIVO
O número de protocolo do seguro é 9876.,NEUTRO
A situação de emergência causou pânico generalizado.,NEGATIVO
A vista do terraço é a mais linda da cidade.,POSITIVO
O prazo para a conclusão da obra é de 12 meses.,NEUTRO
A falta de vagas de emprego me causa ansiedade.,NEGATIVO
O novo método de ensino é divertido e eficaz.,POSITIVO
A conta de telefone veio com valor incorreto.,NEUTRO
A irresponsabilidade com as tarefas é inaceitável.,NEGATIVO
O gesto de solidariedade deles foi um ato de amor.,POSITIVO
A reunião será conduzida pelo diretor executivo.,NEUTRO
O abandono da obra é um sinal de má gestão.,NEGATIVO
Que alegria enorme em poder te ajudar neste projeto!,POSITIVO
O preço do bilhete de trem aumentou neste mês.,NEUTRO
O tratamento que recebi foi negligente e me causou dor.,NEGATIVO
"O novo aplicativo é rápido, seguro e muito útil.",POSITIVO
O relatório final será entregue em formato digital.,NEUTRO
A falta de profissionalismo dele é notória.,NEGATIVO
A beleza daquela paisagem natural me acalmou.,POSITIVO
O total de vendas no último trimestre foi de R$ 1 milhão.,NEUTRO
O preço do produto está muito acima do valor justo.,NEGATIVO
O ambiente de trabalho é harmonioso e inspirador.,POSITIVO
A data limite para a entrega do TCC é dezembro.,NEUTRO
Fiquei completamente desamparado na hora que mais precisei.,NEGATIVO
"Ele é um verdadeiro amigo, um presente na minha vida.",POSITIVO
O número de habitantes na cidade é de 2 milhões.,NEUTRO
O cheiro de podridão na rua é insuportável e nauseante.,NEGATIVO
O feedback que recebi foi construtivo e muito encorajador.,POSITIVO
O valor do imposto foi parcelado em 5 vezes.,NEUTRO
A ineficiência do processo me causou muita frustração.,NEGATIVO
O novo sistema de segurança é robusto e confiável.,POSITIVO
O relatório será apresentado em PowerPoint.,NEUTRO
A notícia da perda me deixou desolado e sem chão.,NEGATIVO
"A performance da artista foi impecável, pura arte.",POSITIVO
O computador está sem acesso à rede Wi-Fi.,NEUTRO
O barulho alto da música impede a concentração.,NEGATIVO
A sensação de felicidade após a formatura é imensa.,POSITIVO
O prazo de validade do passaporte é de 10 anos.,NEUTRO
O preço cobrado pelo serviço é um abuso.,NEGATIVO
A solução tecnológica é genial e inovadora.,POSITIVO
A reunião foi adiada para a próxima semana.,NEUTRO
A falta de perspectiva me causa um sofrimento profundo.,NEGATIVO
A atitude de bondade dele me tocou profundamente.,POSITIVO
"O valor do curso é de R$ 500,00.",NEUTRO
A falta de respeito do líder com a equipe é vergonhosa.,NEGATIVO
