id_empresa_icao,nome_empresa
1ED,SERVICIOS AÉREOS PANAMERICANOS LTDA. SARPA S.A.S
AAL,"AMERICAN AIRLINES, INC."
ABJ,ATA - AEROTÁXI ABAETÉ LTDA.
ACA,AIR CANADA
ACN,AZUL CONECTA LTDA. (EX TWO TAXI AEREO LTDA)
AEA,AIR EUROPA LINEAS AEREAS SOCIEDAD ANONIMA
AEB,AVION EXPRESS BRASIL LTDA
AFR,SOCIÉTÉ AIR FRANCE
AMX,AEROVÍAS DE MÉXICO S.A DE C.V - AEROMÉXICO
ANS,ANDES LINEAS AEREAS
ARE,AIRES - AEROVÍAS DE INTEGRACÍON REGIONAL S.A.
ARG,AEROLINEAS ARGENTINAS S/A
ARU,ARUBA AIRLINES
AVA,AEROVIAS DEL CONTINENTE AMERICANO S.A. AVIANCA
AZP,COMPAÑIA DE AVIACION PARAGUAYA SOCIEDAD ANONIMA - PARANAIR (EX- AMASZONAS PARAGUAY)
AZU,AZUL LINHAS AÉREAS BRASILEIRAS S/A
BAW,BRITISH AIRWAYS PLC
BOV,BOA BOLIVIANA DE AVIACIÓN
BPC,BRASPRESS AIR CARGO TRANSPORTES AÉREOS LTDA
CCA,AIR CHINA
CKS,KALITTA AIR LLC
CLX,CARGOLUX AIRLINES INTERNATIONAL S/A
CMP,COMPAÑIA PANAMEÑA DE AVIACION S.A. (COPA AIRLINES)
CQB,APUÍ TÁXI AÉREO S/A
CVK,CAVOK AIR
DAE,DHL AERO EXPRESO
DAL,DELTA AIR LINES INC.
DLH,DEUTSCHE LUFTHANSA A.G.
DTA,TAAG LINHAS AÉREAS DE ANGOLA (ANGOLA AIRLINES)
DWI,ARAJET S.A.
EAL,"EASTERN AIRLINES, LLC"
ETH,ETHIOPIAN AIRLINES GROUP
FBZ,FB LÍNEAS AÉREAS S.A (FLYBONDI)
FDX,FEDEX - FEDERAL EXPRESS CORPORATION
GEC,LUFTHANSA CARGO AG
GJW,GLOBAL JET ARUBA
GLO,GOL LINHAS AÉREAS S.A. (EX- VRG LINHAS AÉREAS S.A.)
GTI,ATLAS AIR INC
HFY,SPRINGJET S.A. (EX -HI FLY - TRANSPORTES AÉREOS S/A.)
IBE,IBÉRIA LINEAS AEREAS DE ESPAÑA SOCIEDAD ANONIMA OPERADORA
ICE,ICELANDAIR
ITY,ITALIA TRANSPORTO AEREO S.P.A.
JAT,JETSMART AIRLINES SPA - CHILE
JES,JETSMART AIRLINES S.A - ARGENTINA
KAL,KOREAN AIR LINES CO. LTD.
KLM,KLM CIA. REAL HOLANDESA DE AVIAÇÃO
KRE,AEROSUCRE SA
LAE,LÍNEA AÉREA CARGUEIRA DE COLOMBIA S.A - LANCO
LAN,LATAM AIRLINES GROUP (EX - LAN AIRLINES S/A)
LAP,TRANSPORTE AÉREOS DEL MERCOSUR S.A. (TAM MERCOSUR)
LCO,LAN CARGO S.A.
LNE,LATAM AIRLINES ECUADOR S.A.
LPE,LATAM AIRLINES PERU (EX-LAN PERU S.A.)
LTG,ABSA - AEROLINHAS BRASILEIRAS S.A.
MAA,AEROTRANSPORTES MAS DE CARGA S.A. DE C.V.
MWM,MODERN TRANSPORTE AEREO DE CARGA S.A
NCR,NATIONAL AIRLINES
OAE,OMNI AIR INTERNATIONAL
PLS,PLACAR LINHAS AÉREAS S.A.
QTR,QATAR AIRWAYS GROUP
RAM,COMPAGNIE NATIONALE ROYAL AIR MAROC
RER,SERVICIO AEREO REGIONAL REGAIR AIR LTDA
SAA,SOUTH AFRICAN AIRWAYS STATE OWNED COMPANY (SOC) LIMITED
SID,SIDERAL LINHAS AÉREAS LTDA.
SKU,SKY AIRLINE S.A.
SKX,SKY AIRLINE PERU S.A.C.
SLM,SURINAM AIRWAYS LTD
SWR,SWISS INTERNATIONAL AIR LINES LTD.
TAM,TAM LINHAS AÉREAS S.A.
TAP,TAP - TRANSPORTES AÉREOS PORTUGUESES S/A
THY,TURKISH AIRLINES INC
TOT,ANIVIA LINHAS AÉREAS LTDA
TPA,TAMPA CARGO S.A.
TTL,TOTAL LINHAS AÉREAS S.A.
UAE,EMIRATES
UAL,"UNITED AIRLINES, INC"
UPS,UPS - UNITED PARCEL SERVICE CO.
USY,USC GMBH
ARN,AERONEXUS CORPORATE
AWC,TITAN AIRWAYS
CFG,CONDOR FLUGDIENST GMBH
CJT,CARGOJET AIRWAYS LTD.
GTR,GALISTAIR TRANDING LTD.
GXA,"GLOBAL CROSSING AIRLINES, INC."
HGO,ONE AIR LIMITED
MLM,COMLUX MALTA LIMITED
MMZ,EUROATLANTIC AIRWAYS
QCL,AIR EXPRESS S.A. (AIR CLASS LINEAS AEREAS) / EX-AERO V.I.P. LTDA
RUC,"RUTAS AÉREAS, CA - RUTACA"
SRU,STAR UP S.A - STAR PERU
TFL,TUI AIRLINES NEDERLAND BV
TSC,AIR TRANSAT A.T. INC DO BRASIL
UCG,UNIWORLD AIR CARGO
ABD,AIR ATLANTA ICELANDIC
AXY,AIR X CHARTER LTD
AZG,SILK WAY WEST AIRLINES
CHZ,CHALLENGE AIRCARGO LTD.
RZN,GRIDIRON AIR LLC.
TVS,SMARTWINGS A.S.
TXG,"7 AIR, LLC."
UKL,UKRAINE AIR ALLIANCE AIRLINES
VVT,"AVIATSA - AVIACIÓN TENCOLÓGICA, S.A. DE C.V."
AJB,AMERICAN JET S.A.
BUY,FREEDOM II BERMUDA LIMITED
EPT,EMPRESA PÚBLICA DE TRANSPORTE AÉREO MILITAR
ETR,ESTELAR LATINOAMERICA C.A.
EUS,EURUS AVIATION S.A.P.I DE C.V
MSI,MOTOR SICH PUBLIC JOINT STOCK COMPANY
TCV,EMPRESA DE TRANSPORTES AÉREOS DE CABO VERDE - TACV S.A.
WAL,WORLD ATLANTIC AIRLINES
CMA,CMA CGM AIR CARGO
ADZ,COMPASS CARGO AIRLINES EOOD
ATG,AEROTRANSCARGO SRL
PUE,PLUS ULTRA LÍNEAS AÉREAS S/A
