sentimento,texto_limpo
2,serviço entrega incrivelmente rápido eficiente
0,café manhã muitas opções quentes
1,reunião agendada dez horas manhã
0,Fiquei extremamente desapontado qualidade final produto
2,Recebi elogio maravilhoso equipe hoje
1,temperatura ambiente agradável época ano
0,Atrasos constantes prejudicando todo projeto
2,atendimento cliente superou todas expectativas
1,relatório financeiro divulgado próxima semana
0,Não consigo encontrar solução problema frustrante
2,nova atualização software fantástica intuitiva
0,preço bilhete aumentou significativamente neste mês
1,computador ligado tela permanece preta
0,Minha experiência empresa totalmente desagradável
2,Eles têm visão inovadora inspiradora futuro
1,cor parede azulclara conforme pedido
0,É inaceitável erro persista após tantas correções
2,Recomendo livro todos leitura enriquecedora
1,prazo final submissão documentos amanhã
0,Sintome completamente traído promessas cumpridas
2,novo design loja simplesmente espetacular
1,quantidade açúcar receita parece excessiva
0,falta comunicação causou estresse desnecessário
2,performance atleta brilhante merecendo ouro
1,luz sala pisca arcondicionado ligado
0,Estou cansado desta rotina monótona surpresas
2,sabor prato principal divino explosão temperos
1,governo anunciou novas medidas econômicas hoje
0,barulho construção vizinha insuportável
2,Agradeço imensamente apoio dedicação todos
1,margem erro dentro limite aceitável
0,Ele demonstrou comportamento rude desrespeitoso
2,palestra informativa abriu novos horizontes
1,previsão tempo indica chuva fraca tarde
0,É pena peça sido cancelada última hora
2,Recebi presente deixou incrivelmente feliz
1,carro precisa troca óleo alinhamento
0,lentidão sistema tirando paciência
2,iniciativa caridade sucesso retumbante
1,porta frente trancando corretamente
0,vazamento informações causou prejuízo irreparável
2,festa aniversário animadíssima cheia boas energias
1,número participantes evento superou expectativa inicial
0,Perdi confiança neles último erro
2,Tenho orgulho fazer parte desta comunidade acolhedora
1,pacote viagem inclui café manhã traslado
0,Não justificativa tanta desorganização caos
2,paisagem montanha tirar fôlego
1,resultado exame estará disponível três dias úteis
0,Fui alvo comentários maldosos ofensivos
2,Ela pessoa inspiradora força vontade incrível
1,livro didático páginas capítulos
0,cheiro corredor extremamente desagradável
2,show eletrizante banda melhor forma
1,eletrodoméstico consome watts hora uso
0,multa atraso pagamento abusiva
2,visita museu experiência cultural valiosa
1,Os documentos enviados endereço eletrônico fornecido
0,Houve falha segurança comprometeu dados
2,Encontrei solução perfeita problema
1,nova legislação entra vigor partir próximo mês
0,É irritante ter repetir mesma coisa várias vezes
2,feedback recebi construtivo útil
1,contrato cláusula rescisão após seis meses
0,Não aguento som alto vindo casa vizinho
2,bondade generosidade contagiantes
1,evento realizado centro convenções cidade
0,atendimento péssimo funcionário parecia entediado
2,comida fresquinha deliciosa sempre
1,empresa abriu novas vagas emprego
0,As condições trabalho deploráveis inseguras
2,sensação dever cumprido melhor recompensa
1,As chaves cima mesa cozinha
0,Fui cobrado duas vezes serviço
2,vista terraço absolutamente deslumbrante
1,nova política férias permite acumular dias
0,produto frágil quebrou primeiro uso
2,trabalho equipe harmonioso produtivo
1,ônibus passa cada vinte minutos dias úteis
0,indiferença relação problema revoltante
2,Consegui superar desafio sinto vitorioso
1,peça teatro três atos intervalo
0,preço acima valor mercado
2,É prazer trabalhar pessoas tão dedicadas
1,prazo garantia produto dias
0,resultado fiasco total perdemos tudo
2,Ele talento incrível música clássica
1,máquina lavar roupas parou funcionar
0,As críticas negativas internet assustadoras
2,sorriso ilumina qualquer ambiente
1,aluguel apartamento R mês
0,comida fria sabor decepção
2,proposta parceria promissora bemvinda
1,bateria celular dura cerca cinco horas
0,situação emergência causou pânico generalizado
2,final filme emocionante fez chorar alegria
1,horário funcionamento loja h h
0,falta respeito motorista vergonhosa
2,Que dia maravilhoso sair aproveitar sol
1,total compra cento cinquenta reais vinte centavos
2,design minimalista elegante funcional
1,data limite entrega projeto alterada
0,Nunca compro nada desta marca desperdício
2,seminário excepcionalmente bem organizado produtivo
0,As instruções montagem claras dificultam processo
1,número acessos site triplicou mês
2,Sinto grande felicidade rever amigos infância
0,trânsito rodovia principal totalmente parado
1,Ela trabalha engenheira civil grande construtora
0,falta higiene neste local repugnante
2,atendimento cordial resolveu problema rapidamente
1,manual usuário disponível apenas formato digital
0,Essa situação deixou estado profunda tristeza
2,pôr sol praia hoje visão gloriosa
1,pacote enviado depósito central Paraná
0,atitude verdadeiro insulto inteligência
2,É privilégio testemunhar tanto talento dedicação
1,filme duração hora minutos
0,barulho constante vizinhos insuportável estressante
2,Que notícia incrível Estou pulando alegria
0,preço gasolina subiu novamente nesta semana
1,artigo discute efeitos inteligência artificial sociedade
2,nova decoração ambiente ficou aconchegante charmosa
0,Tivemos esperar horas fila tedioso
1,As eleições municipais realizadas outubro
0,Ele mentiroso palavras têm credibilidade
2,projeto aprovado agora podemos celebrar sucesso
1,número telefone contato rodapé página
0,Estou desesperado quantidade dívidas acumuladas
2,cheiro pão fresco algo conforta profundamente
1,computador reiniciou sozinho após atualização sistema
0,Fui tratado total descaso indiferença
2,Sua capacidade liderança inspiradora motivadora
1,previsão temperatura chegue graus
0,erro causou prejuízo demoraremos recuperar
2,festa maravilhosa ótimas pessoas música
1,bicicleta marchas freios disco
0,tratamento recebi humilhante desnecessário
2,dedicação voluntários louvável faz diferença
1,Brasil quinto maior país mundo área territorial
0,injustiça revolta deixa cheio fúria
2,É honra ter sido convidado participar deste evento
1,investimento inicial R mil começar negócio
0,filme ruim começo fim perda tempo
2,Adorei presente acertou cheio
1,livro receitas focado culinária vegetariana
0,falta transparência negociações suspeita
2,reconhecimento trabalho deixou grato
1,As obras rua devem durar duas semanas
0,Que decepção Pensei resultado outro
2,oportunidade crescimento empresa fantástica
1,geladeira nova capacidade litros
0,comportamento agressivo assustou todos
2,Que experiência enriquecedora inesquecível
1,evento transmitido vivo canal oficial instituição
0,Sintome completamente sozinho abandonado
2,show luzes cores obra arte
1,nova legislação exige todos prédios rampas acesso
0,demora retorno deixou ansioso preocupado
2,Ele profissional dedicado incrivelmente competente
1,cachorro vizinha late durante noite
0,Que falta consideração esperou tanto
2,solução encontramos genial economizará tempo
1,média idade funcionários anos
0,sabor amargo metálico comida intragável
2,notícia cura encheu coração esperança
1,reunião durou exatamente hora vinte minutos
0,Não consigo perdoar fez
2,conforto novo sofá simplesmente incomparável
1,relatório final entregue formato PDF
0,negligência equipe causou danos sérios
2,Foi alívio saber tudo deu certo final
1,taxa juros básica permanece ano
0,falta manutenção deixa estrutura perigosa
2,gentileza demonstrada tocou coração
1,novo filme diretor lançado salas cinema
0,Estou farto ignorado desvalorizado
2,proposta vantajosa criativa
1,previsão crescimento PIB ano
0,cheiro queimado vindo cozinha preocupante
2,Que dia lindo sol brilhando céu azul
1,documento deve assinado reconhecido cartório
0,preço cobrado verdadeiro roubo absurdo
2,atitude proativa gerente resolveu crise
1,ônibus parou ponto esquina seguiu viagem
0,desrespeito fila regras lamentável
2,melodia música nova cativante alegre
1,resultado pesquisa inconclusivo
0,Não suporto arrogância tom superioridade
2,generosidade doar inspiradora
1,trem São Paulo parte plataforma
0,calor insuportável deixando exausto
2,espetáculo dança coisa graciosa vi
1,relatório contém dados sobre consumo energia
0,situação política atual desanimadora incerta
2,medalha honra mérito totalmente merecida
1,bicicleta comprada três meses
0,irresponsabilidade colocou todos risco
2,Foi dia perfeito nenhum contratempo
1,pagamento pode feito via PIX cartão crédito
0,paisagem janela monótona vida
2,novo algoritmo demonstrou precisão impressionante
1,reunião condomínio marcada terçafeira
0,falta infraestrutura obstáculo desenvolvimento
2,Agradeço oportunidade contribuir projeto tão nobre
1,protocolo segurança atualizado última semana
0,Fui pego surpresa aumento abusivo mensalidade
2,Que voz melodiosa suave Fiquei encantado
1,peso máximo suportado prateleira quilos
0,Os comentários maldosos feriram sentimentos
2,show fogos artifício ponto alto noite
1,validade produto final dezembro
0,burocracia excessiva torna processo extremamente lento
2,Ele exemplo perseverança dedicação
1,pacote pesa quilogramas dimensões padrão
0,desperdício recursos área pública revoltante
2,qualidade tecido superior confortável
1,escola oferece aulas inglês espanhol
0,chuva inesperada arruinou completamente passeio
2,Que sensação liberdade inigualável dirigir estrada
1,relatório contém dados sobre mercado ações
0,imprudência motorista causou acidente grave
2,inovação apresentada potencial incrível
1,resultado loteria sorteado ontem noite
0,atraso entrega causou sérios problemas produção
2,Sua presença evento tornou tudo especial
1,temperatura média anual região graus Celsius
0,falta empatia chocou profundamente
2,produto funciona perfeitamente resolveu problema
1,trem carga transporta minério ferro
0,descaso animais abandonados deprimente
2,culinária deste restaurante experiência divina
1,reunião encerrada h conforme previsto
0,preço proibitivo maioria consumidores
2,luz sol manhã enche energia otimismo
1,casa construída passou reforma recente
0,erro contagem invalidou todos resultados
2,Foi dia feliz vida momento mágico
1,livro disponível capa dura brochura
0,incerteza sobre futuro causa muita apreensão
2,discurso CEO inspirador motivacional
1,computador executando varredura vírus
0,sobrecarga trabalho levando exaustão
2,atitude coragem heroísmo deve celebrada
1,novo modelo carro elétrico autonomia km
0,abandono obra sinal total irresponsabilidade
2,Que prazer finalmente ver projeto concluído sucesso
1,temperatura água mar graus
0,resultado tratamento terrível inesperado
2,Ele verdadeiro gênio ideias brilhantes
1,prazo conclusão curso quatro anos
0,desorganização equipe causou grande vexame
2,doçura daquele bebê derreter coração
1,sistema operacional requer GB memória RAM
0,Sintome ofendido palavras desrespeitosas
2,sensação vitória após maratona indescritível
1,número conta bancária
0,falta consideração deixou profundamente triste
2,Ele amigo leal confio plenamente julgamento
1,impressora tinta preta
0,Não esperança situação melhore
2,beleza natural daquele lugar estonteante
1,evento acontece todos anos mês maio
0,comida estragada causou malestar
2,feedback positivo gerência motivou
1,nova regra vale partir dia º janeiro
0,agressão verbal sofri inaceitável
2,Ele capacidade extraordinária resolver problemas
1,sinal internet intermitente
0,serviço caro qualidade deplorável
2,alegria ter filho volta imensa
1,preço venda imóvel negociável
0,crise hídrica deixou população pânico
2,nova tecnologia revolucionária promissora
1,restaurante capacidade clientes
0,descumprimento acordo gerou grande frustração
2,Ele pessoa bondosa prestativa conheço
1,carro fabricado Alemanha
0,tratamento doloroso invasivo
2,inauguração novo espaço sucesso estrondoso
1,filme comédia boas críticas geral
0,cheiro lixo acumulado nauseante
2,Que dia incrível Tudo deu certo radiante
1,reunião pauta h
0,comportamento abusivo intolerável
2,carinho atenção fazem sentir amado
1,empresa anunciou fechamento filiais
0,má gestão levou empresa falência
2,Tenho melhores lembranças daquela viagem
1,prazo entrega estimado dias úteis
0,notícia perda deixou desolado chão
2,Sua dedicação trabalho admirável exemplar
1,contrato deve renovado anualmente
0,barulho constante impede consiga dormir
2,solução proposta elegante simples eficaz
1,pesquisa realizada pessoas
0,Sinto vergonha aconteceu naquela noite
2,organização evento impecável todos detalhes
1,encomenda entregue embalagem discreta
0,sensação fracasso esmagadora
2,sabor daquele bolo chocolate celestial
1,votação novo presidente ocorrerá janeiro
0,cheiro forte mofo umidade insuportável
2,equipe demonstrou espírito colaborativo fantástico
1,temperatura forno deve ajustada graus
0,prejuízo causado incêndio incalculável
2,Que maravilha ter finalmente dia folga descansar
1,chave segurança enviada email
0,burocracia processo reembolso frustrante
2,Ela profissional ética competência notáveis
1,pesquisa conduzida estado São Paulo
0,injustiça causou sentimento impotência raiva
2,experiência gastronômica altíssimo nível
1,livro publicado editora
0,As constantes interrupções serviço irritaram profundamente
2,doçura tratamento médico tranquilizou
1,prédio dez andares dois elevadores
0,promessa vazia fez perder tempo
2,sistema segurança robusto confiável
1,computador solicitando nova senha
0,preço daquele ingresso exorbitante inacessível
2,conquista daquele prêmio ápice carreira
1,porta sala reunião fechada
0,falta consideração velhos desumana
2,novo filme críticas excelentes imperdível
1,valor multa trânsito R
0,Sinto medo profundo falhar neste desafio
2,esforço equipe recompensado louvor
1,artigo explica funcionamento buracos negros
0,experiência hotel péssima quarto sujo barulhento
2,nascer sol hoje incrivelmente radiante
1,nova lei proteção dados vigor
0,irresponsabilidade causou estrago irreversível
2,projeto genial merece todo apoio
1,arquivo tamanho total megabytes
0,lentidão serviço online deixando furioso
2,Agradeço dedicação profissionalismo todos
1,número pedido rastreamento
0,falta vagas emprego preocupa
2,abraço mãe melhor conforto mundo
1,conferência transmitida vivo YouTube
0,As reclamações sobre produto têm sido constantes
2,novo sistema verdadeira benção empresa
1,temperatura máxima registrada graus
0,odor esgoto vindo ralo horrível
2,Foi momento profunda emoção alegria
1,relatório aponta aumento vendas último trimestre
0,desconfiança mútua destruindo relacionamento
2,Ele talento nato oratória
1,sala cinema lugares
0,Sintome completamente abandonado própria sorte
2,iniciativa sustentabilidade louvável
1,documento deve protocolado secretaria
0,descaso saúde pública inadmissível
2,gentileza estranhos sempre surpreende positivamente
1,bateria aparelho descarregou completamente
0,taxa cancelamento extremamente punitiva
2,nova política empresa passo gigantesco
1,curso especialização dura meses
0,notícia doença entristeceu profundamente
2,sorriso sincero acalmou instantaneamente
1,carro rebocado local proibido
0,falta respeito líder equipe lamentável
2,resultado pesquisa satisfação excelente
1,valor entrada reais pessoa
0,Fui alvo difamação cruel injusta
2,beleza daquela flor rara indescritível
1,geladeira faz barulho estranho liga motor
0,perspectiva futuro incerto causa ansiedade
2,Agradeço coração inestimável ajuda
1,contrato assinado ambas partes
0,lixo acumula calçada cenário degradante
2,sensação dever cumprido melhor parte dia
1,aula matemática começa h
0,desastre natural destruiu toda plantação
2,Foi prazer enorme participar deste projeto
1,impressora erro cartucho cor
0,negligência meio ambiente crime
2,visão otimista deu força seguir
1,mapa indica localização exata tesouro
0,comida insípida carne dura
2,Que presente incrível Não esperava algo tão bom
1,código produto XHY
0,Fui humilhado publicamente chefe
2,sabor café desta cafeteria incomparável
1,celular câmera megapixels
0,falta perspectiva deixa desanimado
2,Ele amigo fiel companheiro todas horas
1,empresa fundada
0,abandono idosos vergonha sociedade
2,novo show cantora vibrante cheio energia
1,pacote software inclui três aplicativos principais
0,notícia morte ídolo chocou entristeceu todos
2,experiência imersão cultural inestimável
1,relógio digital mostra hora data temperatura
0,insegurança ruas aumentou drasticamente
2,Que lindo Estou maravilhado resultado final
1,prazo validade seis meses após abertura
0,descumprimento regras levará sanções graves
2,solução encontrada brilhante criativa
1,documento anexado email revisão
0,sensação perda vazio constante
2,Ele pessoa gentil prestativa conheci
1,prédio vizinho demolido próxima semana
0,falta higiene banheiro público nojenta
2,novo sistema operacional rápido estável
1,carro estacionado vaga número
0,comida totalmente sal intragável
2,Recebi carta agradecimento emocionou
1,reunião adiada próxima segundafeira
0,falta planejamento resultou desastre total
2,vista cobertura simplesmente maravilhosa inspiradora
1,preço dólar fechou R hoje
0,atitude egoísta decepcionou profundamente
2,performance musical impecável vibrante
1,evento início h entrada gratuita
0,barulho sirene ensurdecedor irritante
2,É prazer trabalhar equipe tão talentosa engajada
1,temperatura ártico chegou graus Celsius
0,humilhação sofri frente todos inesquecível
2,atendimento personalizado extremamente atencioso
1,computador solicitando instale atualização
0,tratamento recebido totalmente desrespeitoso
2,gesto solidariedade profundamente tocante
1,livro história possui capítulos sobre Idade Média
0,Fico arrasado toda vez penso poderia ter sido
2,nova estratégia marketing ousada genial
1,ônibus mudou itinerário
0,lixo espalha rua visão lamentável
2,sensação finalmente casa puro conforto
1,impressora papel atolado
0,falta respostas deixa ansioso frustrado
2,dedicação incomparável merece reconhecimento
1,previsão tempo amanhã sol
0,erro cirurgia causou danos irreversíveis paciente
2,presente ganhei fez humano feliz
1,resultado jogo futebol time casa
0,Não aguento tédio desta cidade
2,culinária local saborosa cheia tradição
1,bicicleta pneu furado
0,As críticas negativas prejudicaram reputação negócio
2,Que momento emocionante As lágrimas rolaram alegria
1,número habitantes cidade ultrapassa milhões
0,descaso autoridades absurdo
2,novo método ensino eficaz inovador
1,prazo conclusão obra meses
0,tratamento médico doloroso trouxe resultados
2,generosidade necessitados admirável
1,telefone fixo funcionando
0,ineficiência processo causou muita raiva
2,design produto lindo moderno ergonômico
1,conta luz veio alta neste mês
0,Fui completamente enganado propaganda falsa
2,sensação dever cumprido melhor recompensa
1,evento realizado pavilhão capacidade mil pessoas
0,negligência segurança perigo constante
2,Ele verdadeiro amigo presente vida
1,computador travou durante apresentação
0,sabor azedo rançoso leite horrível
2,plano carreira empresa promissor
1,nova legislação proíbe uso canudos plástico
0,Fiquei chocado nível crueldade daquela cena
2,beleza daquela pintura hipnotizou
1,novo livro autora lançado setembro
0,atraso três horas voo causou grande transtorno
2,show rock eletrizante cheio energia
1,carro precisa pneu novo
0,falta profissionalismo deixou furioso
2,Que dia maravilhoso passeio ar livre
1,relatório vendas terceira gaveta
0,situação financeira empresa lastimável
2,solução propôs genial simples
1,reunião planejamento durou apenas minutos
0,arrogância insuportável irritante
2,notícia recuperação alívio enorme
1,novo celular tela polegadas
0,injustiça daquele veredito revoltou
2,ambiente trabalho acolhedor colaborativo
1,ônibus quebrou meio estrada
0,prejuízo bolsa valores milionário
2,Ele artista talentoso criativo
1,documento redigido inglês português
0,sensação desamparo fez chorar
2,projeto superou todas expectativas excelência
1,conta água esgoto dobrou valor
0,falta educação vergonhosa
2,atitude gratidão tocante
1,palestra começará pontualmente h
0,cheiro podre vindo geladeira insuportável
2,sucesso evento resultado esforço
1,valor compra parcelado vezes juros
0,calor intenso sufocante deixando doente
2,comida chef renomado espetacular
1,nova regra aplicada partir amanhã
0,incerteza sobre futuro profissional atormenta
2,gesto carinho deu forças continuar
1,pacote férias inclui passagem hospedagem
0,preço daquele carro luxo roubo
2,Foi passeio divertido inesquecível ano
1,máquina lavar roupas problema centrifugação
0,atitude descaso gerência entristece
2,equipe demonstrou comprometimento admirável
1,resultado análise sangue ficou pronto
0,odor fétido água parada insuportável
2,novo tablet resolução tela fantástica
1,temperatura máxima prevista hoje graus
0,irresponsabilidade causou sério acidente
2,É prazer enorme poder ajudar comunidade
1,documento precisa digitalizado enviado email
0,falta perspectiva melhoria deprime
2,paisagem campo relaxante revigorante
1,pagamento confirmado cinco minutos
0,Fui completamente ignorado hora fazer reclamação
2,palestra ontem esclarecedora inspiradora
1,preço ações subiu hoje
0,barulho obra lado pesadelo constante
2,Que notícia maravilhosa começar dia
1,encomenda prevista chegar próxima sextafeira
0,comida rançosa jogar tudo
2,novo modelo celular revolucionário inovador
1,relatório contém dados sobre taxa desemprego
0,imprudência quase custou vida alguém
2,beleza arte renascentista encanta
1,evento transmitido partir h
0,As promessas cumpridas deixaram desconfiado
2,Ele líder nato cheio carisma visão
1,reunião planejamento mensal acontece primeira segundafeira
0,lentidão internet irritante impede trabalho
2,produto superou expectativas
1,cachorro comeu osso sala
0,sensação fracasso corrói dentro
2,doçura olhar acalma qualquer tempestade
1,arquivo PDF enviado engano
0,falta responsabilidade inaceitável
2,Ele humano excepcional bondoso generoso
1,impressora precisa reabastecida papel
0,preço daquele apartamento abuso
2,sorriso coisa bonita vi
1,prazo conclusão curso estendido
0,incerteza sobre futuro deixa apavorado
2,nova interface aplicativo prática agradável
1,computador reiniciando sistema
0,má qualidade material causou rompimento peça
2,atitude gratidão lição vida
1,garrafa água caiu chão molhou tapete
0,tratamento horrível médico rude insensível
2,Que dia abençoado sol vento perfeitos
1,temperatura refrigerador deve graus Celsius
0,descumprimento contrato resultará multa pesada
2,ajuda inesperada verdadeiro alívio
1,loja aberta h h
0,lixo acumulado atrai ratos doenças
2,proposta trabalho empolgante desafiadora
1,trem capital parte minutos
0,sensação tédio espera agonizante
2,dedicação esforço plenamente recompensados
1,mapa metrô mostra linha vermelha azul
0,Fiquei completamente devastado notícia
2,sabor torta caseira traz lembranças felizes
1,número protocolo atendimento
0,cancelamento show última hora irritou
2,honestidade confessar erro admirável
1,luz cozinha piscando
0,falta empatia coisa outro mundo
2,nova política empresa beneficia todos colaboradores
1,cão dormindo tranquilamente sofá
0,cheiro podridão rua dando náuseas
2,espetáculo dança coisa linda vi
1,conta telefone chegou valor incorreto
0,negligência equipamentos causou explosão
2,Ele futuro promissor frente
1,relatório segurança enviado gestores
0,sensação injustiça consumiu dias
2,Que alívio saber tudo deu certo final
1,reunião cliente presencial
0,indiferença perante sofrimento chocou
2,vitória gloriosa incontestável
1,prazo final cadastro novembro
0,prejuízo financeiro causado crise assustador
2,bondade coração pessoas renova esperanças
1,código acesso rede WiFi recepção
0,tratamento recebi humilhante desnecessário
2,atitude liderança inspirou toda equipe
1,televisão polegadas resolução K
0,falta vagas estacionar deixa irritado
2,carinho amigos maior tesouro
1,café frio
0,fofoca maldosa espalharam sobre mim magoou
2,sensação apaixonado maravilhosa
1,documento deve preenchido letra forma
0,arrogância faz pessoa detestável
2,novo design site limpo moderno fácil usar
1,valor fatura R
0,excesso burocracia pior inimigo
2,solução tecnológica apresentada divisor águas
1,cadeira quebrou precisa reparo
0,decepção resultado amarga profunda
2,Ele coração ouro sempre ajuda precisa
1,encomenda chegará dias úteis
0,sensação pânico durante voo terrível
2,novo chef cozinha talento excepcional
1,carro tanque cheio gasolina
0,cheiro cigarro quarto hotel péssimo
2,Fui recebido calorosa sincera acolhida
1,manual instruções páginas
0,falta investimento destruindo patrimônio histórico
2,evento premiação glamoroso bem conduzido
1,prazo inscrição concurso terminou ontem
0,imprudência direção colocou risco família
2,Ele mente brilhante ideias inovadoras
1,temperatura ideal cerveja graus Celsius
0,desrespeito horário funcionamento inaceitável
2,nova ferramenta análise dados extremamente poderosa
1,computador precisa nova placa vídeo
0,injustiça situação deixou palavras apenas raiva
2,Que experiência revigorante cheia boas energias
1,prédio comercial inaugurado ano passado
0,espera duas horas hospital angustiante
2,comida saborosíssima temperada medida certa
1,livro aborda tema sustentabilidade
0,barulho chuva forte impede dormir
2,conquista título emocionante merecida
1,porta armário fecha direito
0,falta preparo equipe causou grande vexame
2,novo plano benefícios generoso excelente
1,valor multa estacionamento irregular alto
0,situação financeira causa estresse tremendo
2,oportunidade crescimento melhor coisa desta empresa
1,número apartamento segundo andar
0,sensação fracasso após teste devastadora
2,feedback construtivo recebi valioso
1,gato preto dormindo cama
0,cheiro queimado vindo motor assustou
2,dedicação inspiração todos
1,encomenda entregue horário comercial
0,irresponsabilidade finanças grande problema
2,gentileza carinho inesquecíveis
1,temperatura ambiente graus
0,notícia demissão inesperada deixou pânico
2,Ele capacidade superação admirável
1,livro conta história detetive particular
0,atendimento péssimo funcionário maleducado
2,investimento nova tecnologia extremamente acertado
1,reunião acompanhamento semanal
0,falta perspectiva futuro entristece
2,sorriso daquela criança ilumina qualquer lugar
1,avião decolou horário previsto
0,Fui vítima fraude perdi todo dinheiro
2,nova coleção roupas simplesmente deslumbrante
1,impressora ligada imprime
0,barulho constante vizinho enlouquecer
2,honestidade assumir erro ponto positivo
1,documento assinado digitalmente
0,gosto remédio amargo boca insuportável
2,Que emoção indescritível cruzar linha chegada
1,total vendas mês passado R mil
0,burocracia excessiva faz desista tudo
2,novo sistema gestão eficiente intuitivo
1,curso culinária duração três meses
0,atitude indiferença perante dor fria
2,paisagem montanha beleza acalma alma
1,carro fabricado ano
0,falta segurança vizinhança apavorante
2,bondade luz vida precisa
1,valor diária hotel reais
0,decepção resultado deixou desanimado
2,Ele verdadeiro mestre arte oratória
1,pacote dados renovado automaticamente
0,abandono causa parte organização lamentável
2,elogio recebi motivou seguir frente
1,contrato aluguel revisado ano
0,má gestão recursos causou rombo financeiro
2,experiência novo produto totalmente satisfatória
1,nova regra aplicada partir hoje
0,arrogância todas reuniões insuportável
2,novo chef trouxe ideias inovadoras deliciosas
1,previsão tempo semana tempo seco
0,tristeza perda algo consigo superar
2,trabalho voluntário enche alegria propósito
1,impressora conexão rede
0,falta qualidade material resultou quebras constantes
2,filme obraprima cinema nacional
1,telefone suporte técnico
0,sensação desespero ver fogo alastrar terrível
2,gesto solidariedade farol esperança
1,documento precisa três assinaturas diferentes
0,irresponsabilidade fiscal levou ruína
2,sensação paz tranquilidade daquele lugar única
1,relógio digital alarme cronômetro
0,preço combustível subiu novamente verdadeiro abuso
2,solução encontramos barata eficaz
1,reunião encerrada nenhuma decisão tomada
0,Fui alvo bullying causou trauma
2,festa casamento impecável pura magia
1,velocidade máxima permitida via kmh
0,falta interesse projeto desanimadora
2,Ele risada contagiante alegra todos
1,prazo entrega relatório quartafeira
0,má vontade atendente tirou sério
2,novo investimento trará resultados espetaculares
1,documento deve enviado horas
0,excesso barulho vindo rua perturbador
2,oportunidade viajar conhecer novas culturas enriquecedora
1,máquina café expresso quebrada
0,sensação impotência diante tragédia dolorosa
2,novo programa treinamento abrangente útil
1,preço ingresso show R
0,falta água bairro calamidade
2,Que sensação alívio receber boa notícia
1,luz painel piscando indicando erro
0,descaso dinheiro público crime inaceitável
2,sabor fruta colhida hora incomparável
1,nova rota ônibus economiza minutos viagem
0,demora resposta deixou extremamente impaciente
2,Ele funcionário competente dedicado empresa
1,filme ficção científica estreou último fim semana
0,atitude vingança infantil destrutiva
2,beleza daquela obra arte tirou fôlego
1,encomenda enviada via Sedex
0,humilhação fez passar imperdoável
2,novo software aumentou produtividade
1,previsão tempo indica sol calor feriado
0,falta recursos impede continuidade pesquisa
2,ambiente trabalho harmonioso estimulante
1,livro receitas ensina fazer pães caseiros
0,atitude rude desrespeitosa estragou dia
2,Que sorte ter amigos tão incríveis
1,relatório preliminar apresentado segundafeira
0,crise ansiedade deixou paralisado medo
2,sensação dever cumprido traz grande satisfação
1,computador reiniciando aplicar atualizações
0,cheiro podre comida causou ânsia
2,novo sistema filtragem água genial
1,prova final questões múltipla escolha
0,abandono causa falta apoio frustrou
2,generosidade animais emocionante
1,reunião durou três horas recorde
0,tratamento recebi negligente irresponsável
2,novo chef pastelaria verdadeiro artista
1,valor total compra reais
0,imprudência volante causou acidente sério
2,vista alto morro espetacular única
1,prazo entrega TCC prorrogado
0,Sinto tristeza profunda forma coisas acabaram
2,nova política trabalho flexível benção
1,evento realizado próximo mês abril
0,falta informação causou prejuízo enorme
2,reconhecimento esforço deixou feliz
1,carro multado excesso velocidade
0,ineficiência serviço público problema crônico
2,show luzes final evento mágico
1,número desempregados atingiu menor índice anos
0,incerteza econômica gera muita insegurança
2,oportunidade aprendizado inestimável
1,pacote inclui três diárias pensão completa
0,custo vida insuportavelmente alto
2,abraço avó porto seguro
1,nova edição livro capa dura ilustrações
0,falta transparência empresa alarmante
2,resultado exames saúde excelente
1,trem quebra linha todas manhãs
0,cheiro esgoto rua nauseante
2,novo aplicativo amigável fácil usar
1,validade passaporte expira junho próximo ano
0,crise abastecimento afetando mercado
2,capacidade resiliência inspiradora
1,número série produto ABC
0,Fiquei completamente desamparado hora precisei
2,presente recebi lindo ganhei
1,prédio andares fica área central
0,arrogância atendente deixou furioso
2,sensação paz após tempestade reconfortante
1,livro páginas custa R
0,falta segurança transporte público perigo
2,equipe voluntários demonstrou dedicação incrível
1,relatório impresso papel reciclado
0,comida fria apresentação lamentável
2,novo sistema vendas rápido eficiente
1,reunião followup videoconferência
0,decepção amigo deixou estado choque
2,proposta parceria promissora bemvinda
1,nova política privacidade exige autenticação dois fatores
0,preço abusivo daquele produto assalto consumidor
2,atitude gentil motorista salvou dia
1,conta água veio erro cálculo
0,medo pego consumiu semanas
2,beleza daquele pôr sol montanha indescritível
1,curso carga horária horas
0,falta profissionalismo notória irrita
2,Que alegria rever família tanto tempo
1,valor imposto aumentou neste ano
0,cheiro forte tinta fresca deu dor cabeça
2,espetáculo dança perfeito começo fim
1,mensagem enviada h
0,situação abandono parque deprimente
2,nova estratégia vendas eficaz
1,relatório aponta queda vendas
0,sensação fracasso esmagadora sufocante
2,Ele talento nato criar soluções inovadoras
1,nova lei trânsito gerando controvérsia
0,custo passagens aéreas proibitivo
2,feedback recebi encorajador útil
1,celular precisa recarga bateria
0,falta consideração colegas irrita
2,sensação livre leve indescritível
1,temperatura água ideal nadar
0,notícia perda deixou estado choque
2,carinho demonstrado fãs comovente
1,reunião emergência cancelada
0,desperdício comida restaurante chocante
2,atendimento loja impecável atencioso
1,valor fatura deve pago dia
0,descumprimento regras causou punição severa
2,novo software gestão intuitivo poderoso
1,relatório detalha gastos último mês
0,cheiro queimado vindo rua preocupante
2,atitude proativa líder resolveu problema tempo
1,preço combustíveis continua alta
0,ineficiência processo causou dor cabeça
2,culinária daquele país exótica deliciosa
1,novo prazo entrega dias úteis
0,situação insegurança fez mudar casa
2,beleza natureza daquele parque revigorante
1,documento salvo pasta downloads
0,arrogância vendedor motivo desistência
2,Ele palestrante inspirador assisti
1,livro capa dura páginas
0,falta profissionalismo fez perder confiança
2,novo método trabalho eficaz otimiza tempo
1,lâmpada sala queimada
0,notícia demissão deixou totalmente desolado
2,gentileza educação admiráveis
1,máquina lavar garantia ano
0,descaso infraestrutura local lamentável
2,visão otimista sobre futuro anima
1,valor entrada dividido dois
0,Fui alvo piada mau gosto senti ofendido
2,abraço apertado deu forças seguir
1,prazo inscrição vestibular encerra sexta
0,falta perspectiva causa sofrimento imenso
2,nova campanha marketing criativa envolvente
1,computador solicitando novo driver
0,má qualidade serviço justifica reclamação
2,sorriso sincero bebê coisa pura
1,novo tablet pesa apenas gramas
0,preço roubo vale cobrado
2,sensação alegria encontrar velho amigo
1,telefone portaria funcionando
0,atitude covardia envergonhou
2,dedicação exemplo seguido
1,loja abre h fecha h
0,lixo acumula porta prédio horror
2,doçura tratamento enfermeiro essencial
1,documento precisa validado advogado
0,sensação pânico durante assalto horrível
2,show encerramento emocionante memorável
1,nova regra vestimenta rígida
0,falta empatia dor alheia revoltante
2,proposta investimento segura rentável
1,impressora luz alerta acesa
0,atendimento rude funcionário parecia entediado
2,novo design carro futurista elegante
1,número protocolo atendimento
0,irresponsabilidade causou perda todos dados
2,sabor vinho tinto suave aveludado
1,relatório final entregue fim tarde
0,má gestão recursos levou corte drástico
2,novo empreendimento marco história cidade
1,reunião planejamento prevista h
0,barulho sirene causou dor cabeça forte
2,Que alegria imensa poder ajudar neste momento
1,valor dívida parcelado vezes
0,negligência paciente causou danos irreparáveis
2,carinho apoio família inestimáveis
1,geladeira três prateleiras gavetão
0,indiferença problema colega decepcionante
2,novo método trabalho verdadeira revolução
1,prazo quitação empréstimo anos
0,tratamento doloroso ineficaz
2,bondade coração daquele homem emociona
1,documento redigido português
0,incerteza futuro causa angústia profunda
2,atitude coragem salvou todos
1,novo celular câmera megapixels
0,sujeira mesa causou nojo
2,sorriso acalma traz paz
1,carro precisa lavado encerado
0,falta vontade colaborar irritante
2,solução proposta simples elegante eficaz
1,valor aluguel aumentará próximo ano
0,cheiro queimado prédio gerou pânico
2,experiência mergulho maravilhosa inesquecível
1,número telefone contato cartão visita
0,Fui alvo injustiça senti impotente
2,novo livro autor obraprima literatura
1,computador assistência técnica três dias
0,prejuízo produção bilionário
2,esforço equipe extraordinário recompensado
1,data entrega produto dezembro
0,falta perspectiva emprego preocupa
2,paisagem local tirar fôlego pura beleza
1,valor imposto municipal aumentou
0,atitude agressividade intolerável
2,sensação acolhimento hotel maravilhosa
1,prazo garantia produto expirou ontem
0,lixo acumula margens rio crime ambiental
2,novo modelo carro seguro confortável
1,relatório final revisado antes publicação
0,burocracia processo visto cansativa
2,Ele verdadeiro gênio tecnologia ideias geniais
1,temperatura máxima registrada mês graus
0,atendimento horrível esperei hora
2,show luzes cidade espetáculo inesquecível
1,número protocolo serviço atendimento
0,lentidão sistema faz perder tempo
2,dedicação carinho idosos exemplar
1,apartamento dois quartos suíte
0,falta perspectiva deixa desmotivado
2,solução proposta simples barata eficaz
1,reunião encerrada deliberações
0,preço alimentos subiu forma absurda
2,Que alívio saber tratamento funcionando
1,computador emitindo som estranho
0,atitude descaso saúde revolta
2,ambiente trabalho leve colaborativo
1,valor multa descontado folha
0,sensação abandono consome dentro
2,gesto bondade transformou vida família
1,curso inglês duração dois anos
0,cheiro podre vindo bueiro insuportável
2,Ele verdadeiro herói salvando vidas
1,trem cidade vizinha parte plataforma
0,notícia perda emprego deixou pânico
2,vista terraço simplesmente tirar fôlego
1,valor inscrição evento reais
0,falta segurança rua apavorante
2,Que dia glorioso sol céu perfeitos
1,prazo renovação carteira motorista dezembro
0,tratamento invasivo trouxe resultado esperado
2,capacidade resiliência inspiradora
1,relatório contém informações sobre economia global
0,comida estragada passei mal
2,nova tecnologia intuitiva eficiente
1,ônibus atrasou vinte minutos
0,imprudência dirigir causou acidente feridos
2,sensação paz tranquilidade maravilhosa
1,livro capa azul amarela
0,falta atenção fez cometer erro grave
2,Ele amigo fiel daqueles podemos confiar
1,carro pneu murcho
0,serviço entrega atrasou três dias
2,sabor café desta cafeteria incomparável delicioso
1,preço bilhete trem aumentará
0,atitude descaso cliente imperdoável
2,sensação vitória após esforço gratificante
1,luz sala aula queimada
0,barulho construção insuportável irritante
2,nova política férias generosa
1,documento enviado correio
0,falta higiene restaurante preocupante
2,doçura daquele olhar acalmou instantaneamente
1,número participantes conferência
0,injustiça situação deixou revoltado
2,novo modelo celular câmera excepcional
1,valor mensalidade plano saúde subiu
0,prejuízo financeiro incalculável devastador
2,iniciativa caridade sucesso ajudou muitas pessoas
1,reunião conduzida novo gerente
0,cheiro mofo apartamento deprimente
2,Ele profissional dedicado competência notável
1,televisão tela LED polegadas
0,falta água banheiro deixou irritado
2,novo sistema pagamentos rápido seguro
1,data limite entrega produto amanhã
0,Fui vítima mentira senti traído
2,bondade coração daquela pessoa inspiradora
1,contrato trabalho tempo indeterminado
0,arrogância todas conversas insuportável
2,ambiente festa animado cheio boas energias
1,livro história capítulos sobre Segunda Guerra Mundial
0,lentidão processo causou muita frustração
2,solução encontramos genial simples tempo
1,preço gasolina variando
0,irresponsabilidade tarefas inaceitável
2,Que prazer receber elogio sincero
1,impressora conexão internet
0,sabor amargo ruim bebida fez cuspir
2,capacidade liderança inspiradora
1,novo aplicativo requer atualização segurança
0,crise pânico deixou completamente mim
2,dedicação esforço chave sucesso
1,prazo entrega projeto mês
0,desrespeito lei sinal falta civilidade
2,sorriso daquela criança coisa linda mundo
1,total compra R
0,falta perspectiva causa tristeza imensa
2,atendimento rápido eficiente cordial
1,relatório aponta crescimento próximo ano
0,barulho moto vizinho tira sono
2,solução propôs brilhante criativa
1,reunião transferida sala B
0,sensação fracasso após investimento devastadora
2,atitude coragem crucial salvamento
1,livro publicado idiomas
0,preço aluguel abusivo injusto
2,novo software extremamente fácil usar intuitivo
1,computador exibindo mensagem erro
0,cheiro podridão cesto lixo insuportável
2,Que alegria imensa poder compartilhar momento
1,previsão chuva milímetros noite
0,falta segurança parque perigo constante
2,nova política benefícios vantajosa todos
1,valor multa trânsito pago ontem
0,má gestão crise causou prejuízo imenso
2,paisagem praia amanhecer espetáculo divino
1,trem Rio Janeiro parte plataforma principal
0,Fiquei chocado nível crueldade daquela pessoa
2,Ele verdadeiro mentor conselhos valiosos
1,encomenda chegou caixa amassada
0,arrogância todas discussões irritante
2,nova interface aplicativo agradável usar
1,relatório vendas apresentado próxima semana
0,negligência problema causou desastre
2,ambiente trabalho acolhedor altamente produtivo
1,bicicleta cinco marchas freio disco
0,atitude desrespeitosa reunião inaceitável
2,Que sensação liberdade caminhar montanha
1,valor imposto predial aumentou
0,falta transparência empresa deixou desconfiado
2,culinária deste restaurante experiência inesquecível
1,computador acesso internet
0,cheiro podre fruta estragada nauseante
2,dedicação estudos exemplo esforço
1,prazo entrega currículo hoje
0,irresponsabilidade animais partir coração
2,novo sistema filtragem água genial eficiente
1,reunião pauta conduzida editorchefe
0,tratamento médico doloroso ineficaz
2,sorriso sincero acalmou momento difícil
1,carro precisa alinhamento balanceamento
0,lentidão processo aprovação frustrante
2,iniciativa sustentabilidade empresa admirável
1,número telefone contato mudou
0,falta perspectiva causa dor imensa
2,novo método ensino divertido eficaz
1,livro história páginas
0,Fui alvo bullying escola traumatizou
2,sensação dever cumprido melhor recompensa todas
1,valor passagem ônibus aumentou
0,ineficiência serviço correios lamentável
2,Ele verdadeiro amigo sempre presente leal
1,documento deve assinado gerente
0,preço ingresso roubo
2,performance musical impecável show talento
1,relatório aponta aumento vendas
0,cheiro esgoto rua nauseante
2,novo design produto elegante moderno
1,máquina lavar fazendo barulho estranho
0,falta respeito atendente deixou furioso
2,atitude gratidão tocante inspiradora
1,prazo validade produto ano
0,arrogância chefe insuportável
2,solução encontramos inovadora simples
1,contrato renovado três meses
0,perda animal estimação deixou triste
2,Que notícia maravilhosa começar dia
1,número série aparelho XYZ
0,falta paciência grande problema
2,vista alto prédio deslumbrante
1,relatório segurança aponta falhas graves
0,descaso velhos vergonha
2,generosidade necessitados admirável
1,valor mensalidade academia reais
0,crise econômica gerou muita insegurança
2,sensação paz conforto casa única
1,novo modelo celular tela polegadas
0,tratamento recebi negligente irresponsável
2,novo empreendimento sucesso estrondoso
1,documento redigido português inglês
0,irresponsabilidade causou acidente grave
2,comida fresquinha tempero perfeito
1,reunião planejamento durou manhã inteira
0,barulho constante rua impede trabalhar
2,abraço mãe melhor conforto mundo
1,prazo entrega pedido dias úteis
0,Fui vítima fraude perdi todo dinheiro
2,beleza daquela flor exótica encantou
1,relatório enviado todos diretores
0,falta perspectiva crescimento frustrou
2,solução proposta brilhante criativa
1,valor conta energia elétrica alto
0,cheiro forte perfume sala insuportável
2,sorriso coisa bonita vi
1,computador travou durante instalação
0,situação abandono local deprimente
2,nova estratégia vendas eficaz
1,avião Londres decola h
0,custo cirurgia proibitivo maioria
2,Que alegria poder reencontrar amigos
1,total participantes evento pessoas
0,falta perspectiva emprego desanima
2,atitude coragem heroísmo deve reconhecida
1,prazo entrega produto horas
0,preço daquele ingresso exorbitante
2,show eletrizante banda incrível
1,relatório contém dados sobre taxa inflação
0,atitude rude desrespeitosa estragou noite
2,nova ferramenta trabalho fantástica útil
1,documento deve preenchido caneta azul
0,cheiro lixo acumulado rua insuportável
2,sensação dever cumprido traz grande paz
1,celular bateria
0,imprudência dirigir causou susto
2,Ele pessoa gentil prestativa conheço
1,valor fatura deve pago próxima semana
0,lentidão serviço online causou muita raiva
2,Que notícia maravilhosa Estou feliz
1,prédio nova política reciclagem
0,falta empatia chocou profundamente
2,novo design apartamento moderno funcional
1,encomenda entregue endereço errado
0,custo vida cidade caro
2,beleza daquela obra arte tirar fôlego
1,resultado pesquisa inconclusivo
0,negligência equipamentos causou prejuízo
2,oportunidade crescimento empresa incrível
1,trem cidade parte cada minutos
0,preço abusivo qualidade oferecida
2,dedicação carinho família exemplares
1,relatório final divulgado amanhã
0,barulho constante vizinho enlouquecer
2,novo sistema gestão projetos genial
1,reunião planejamento durou duas horas
0,insegurança ruas aumentou drasticamente
2,sorriso sincero criança acalmou ambiente
1,contrato trabalho validade ano
0,má vontade atendente tirou paciência
2,nova política sustentabilidade grande avanço
1,temperatura deserto chega graus
0,falta consideração deixou magoado
2,Ele profissional competência notável
1,livro capítulos total
0,crise hídrica deixou população pânico
2,sensação vitória após desafio indescritível
1,valor diária hotel reais
0,falta higiene local repugnante
2,proposta parceria promissora
1,computador precisa formatado
0,tratamento recebido humilhante desnecessário
2,carinho atenção fizeram sentir amado
1,relatório aponta déficit mil reais
0,descaso animais abandonados deprimente
2,doçura daquele bebê derreter coração
1,nova regra implementada partir segunda
0,cheiro queimado vindo cozinha forte
2,solução encontrada brilhante simples
1,número protocolo seguro
0,situação emergência causou pânico generalizado
2,vista terraço linda cidade
1,prazo conclusão obra meses
0,falta vagas emprego causa ansiedade
2,novo método ensino divertido eficaz
1,conta telefone veio valor incorreto
0,irresponsabilidade tarefas inaceitável
2,gesto solidariedade ato amor
1,reunião conduzida diretor executivo
0,abandono obra sinal má gestão
2,Que alegria enorme poder ajudar neste projeto
1,preço bilhete trem aumentou neste mês
0,tratamento recebi negligente causou dor
2,novo aplicativo rápido seguro útil
1,relatório final entregue formato digital
0,falta profissionalismo notória
2,beleza daquela paisagem natural acalmou
1,total vendas último trimestre R milhão
0,preço produto acima valor justo
2,ambiente trabalho harmonioso inspirador
1,data limite entrega TCC dezembro
0,Fiquei completamente desamparado hora precisei
2,Ele verdadeiro amigo presente vida
1,número habitantes cidade milhões
0,cheiro podridão rua insuportável nauseante
2,feedback recebi construtivo encorajador
1,valor imposto parcelado vezes
0,ineficiência processo causou muita frustração
2,novo sistema segurança robusto confiável
1,relatório apresentado PowerPoint
0,notícia perda deixou desolado chão
2,performance artista impecável pura arte
1,computador acesso rede WiFi
0,barulho alto música impede concentração
2,sensação felicidade após formatura imensa
1,prazo validade passaporte anos
0,preço cobrado serviço abuso
2,solução tecnológica genial inovadora
1,reunião adiada próxima semana
0,falta perspectiva causa sofrimento profundo
2,atitude bondade tocou profundamente
1,valor curso R
0,falta respeito líder equipe vergonhosa
